service_date,last_modified,status
2019-09-15,2026-01-09 21:31:47+00:00,empty
2019-09-16,2026-01-09 20:13:51+00:00,ok
2019-09-17,2026-01-09 21:39:25+00:00,ok
2019-09-18,2026-01-09 20:05:31+00:00,ok
2019-09-19,2026-01-09 22:15:38+00:00,ok
2019-09-20,2026-01-09 23:16:39+00:00,ok
2019-09-21,2026-01-09 20:42:47+00:00,ok
2019-09-22,2026-01-09 23:35:44+00:00,ok
2019-09-23,2026-01-09 19:46:04+00:00,ok
2019-09-24,2026-01-09 23:03:41+00:00,ok
2019-09-25,2026-01-09 22:00:02+00:00,ok
2019-09-26,2026-01-09 20:52:12+00:00,ok
2019-09-27,2026-01-09 23:11:57+00:00,ok
2019-09-28,2026-01-09 23:07:19+00:00,ok
2019-09-29,2026-01-09 21:31:45+00:00,ok
2019-09-30,2026-01-09 20:16:51+00:00,ok
2019-10-01,2026-01-09 20:50:17+00:00,ok
2019-10-02,2026-01-09 21:18:01+00:00,ok
2019-10-03,2026-01-09 20:45:48+00:00,ok
2019-10-04,2026-01-09 19:56:57+00:00,ok
2019-10-05,2026-01-09 21:37:02+00:00,ok
2019-10-06,2026-01-09 20:27:19+00:00,ok
2019-10-07,2026-01-09 21:56:19+00:00,ok
2019-10-08,2026-01-09 20:23:19+00:00,ok
2019-10-09,2026-01-09 23:23:12+00:00,ok
2019-10-10,2026-01-09 23:25:29+00:00,ok
2019-10-11,2026-01-09 21:30:10+00:00,ok
2019-10-12,2026-01-09 23:11:19+00:00,ok
2019-10-13,2026-01-09 21:59:14+00:00,ok
2019-10-14,2026-01-09 22:15:07+00:00,ok
2019-10-15,2026-01-09 19:54:09+00:00,ok
2019-10-16,2026-01-09 21:00:09+00:00,ok
2019-10-17,2026-01-09 23:19:10+00:00,ok
2019-10-18,2026-01-09 21:28:12+00:00,ok
2019-10-19,2026-01-09 22:23:06+00:00,ok
2019-10-20,2026-01-09 20:52:31+00:00,ok
2019-10-21,2026-01-09 19:49:52+00:00,ok
2019-10-22,2026-01-09 22:02:50+00:00,ok
2019-10-23,2026-01-09 22:39:22+00:00,ok
2019-10-24,2026-01-09 21:19:12+00:00,ok
2019-10-25,2026-01-09 19:50:40+00:00,ok
2019-10-26,2026-01-09 19:51:45+00:00,ok
2019-10-27,2026-01-09 20:28:16+00:00,ok
2019-10-28,2026-01-09 23:26:34+00:00,ok
2019-10-29,2026-01-09 23:38:39+00:00,ok
2019-10-30,2026-01-09 19:56:12+00:00,ok
2019-10-31,2026-01-09 19:53:51+00:00,ok
2019-11-01,2026-01-09 22:22:35+00:00,ok
2019-11-02,2026-01-09 22:03:44+00:00,ok
2019-11-03,2026-01-09 23:15:40+00:00,ok
2019-11-04,2026-01-09 21:30:20+00:00,ok
2019-11-05,2026-01-09 22:34:42+00:00,ok
2019-11-06,2026-01-09 19:47:26+00:00,ok
2019-11-07,2026-01-09 21:09:34+00:00,ok
2019-11-08,2026-01-09 22:13:25+00:00,ok
2019-11-09,2026-01-09 19:50:32+00:00,ok
2019-11-10,2026-01-09 22:56:59+00:00,ok
2019-11-11,2026-01-09 22:47:46+00:00,ok
2019-11-12,2026-01-09 22:05:19+00:00,ok
2019-11-13,2026-01-09 22:00:15+00:00,ok
2019-11-14,2026-01-09 21:48:49+00:00,ok
2019-11-15,2026-01-09 22:18:38+00:00,ok
2019-11-16,2026-01-09 20:25:59+00:00,ok
2019-11-17,2026-01-09 22:38:55+00:00,ok
2019-11-18,2026-01-09 21:38:26+00:00,ok
2019-11-19,2026-01-09 20:08:44+00:00,ok
2019-11-20,2026-01-09 22:24:31+00:00,ok
2019-11-21,2026-01-09 20:32:31+00:00,ok
2019-11-22,2026-01-09 23:32:08+00:00,ok
2019-11-23,2026-01-09 19:53:21+00:00,ok
2019-11-24,2026-01-09 23:10:56+00:00,ok
2019-11-25,2026-01-09 20:02:04+00:00,ok
2019-11-26,2026-01-09 22:17:40+00:00,ok
2019-11-27,2026-01-09 22:09:02+00:00,ok
2019-11-28,2026-01-09 20:05:35+00:00,ok
2019-11-29,2026-01-09 23:19:39+00:00,ok
2019-11-30,2026-01-09 23:02:54+00:00,ok
2019-12-01,2026-01-09 19:57:00+00:00,ok
2019-12-02,2026-01-09 23:29:13+00:00,ok
2019-12-03,2026-01-09 20:53:30+00:00,ok
2019-12-04,2026-01-09 23:19:56+00:00,ok
2019-12-05,2026-01-09 20:39:10+00:00,ok
2019-12-06,2026-01-09 21:17:30+00:00,ok
2019-12-07,2026-01-09 19:49:29+00:00,ok
2019-12-08,2026-01-09 19:54:50+00:00,ok
2019-12-09,2026-01-09 23:12:54+00:00,ok
2019-12-10,2026-01-09 19:56:06+00:00,ok
2019-12-11,2026-01-09 21:29:49+00:00,ok
2019-12-12,2026-01-09 20:55:00+00:00,ok
2019-12-13,2026-01-09 20:43:26+00:00,ok
2019-12-14,2026-01-09 22:58:36+00:00,ok
2019-12-15,2026-01-09 21:06:40+00:00,ok
2019-12-16,2026-01-09 23:05:23+00:00,ok
2019-12-17,2026-01-09 20:22:20+00:00,ok
2019-12-18,2026-01-09 22:49:39+00:00,ok
2019-12-19,2026-01-09 22:20:57+00:00,ok
2019-12-20,2026-01-09 22:19:05+00:00,ok
2019-12-21,2026-01-09 22:52:12+00:00,ok
2019-12-22,2026-01-09 20:48:04+00:00,ok
2019-12-23,2026-01-09 20:02:38+00:00,ok
2019-12-24,2026-01-09 20:00:30+00:00,ok
2019-12-25,2026-01-09 20:59:03+00:00,ok
2019-12-26,2026-01-09 22:59:32+00:00,ok
2019-12-27,2026-01-09 23:32:43+00:00,ok
2019-12-28,2026-01-09 20:38:21+00:00,ok
2019-12-29,2026-01-09 19:42:31+00:00,ok
2019-12-30,2026-01-09 21:12:16+00:00,ok
2019-12-31,2026-01-09 20:40:44+00:00,ok
2020-01-01,2026-01-09 22:41:09+00:00,ok
2020-01-02,2026-01-09 22:43:37+00:00,ok
2020-01-03,2026-01-09 23:22:47+00:00,ok
2020-01-04,2026-01-09 22:52:41+00:00,ok
2020-01-05,2026-01-09 20:35:18+00:00,ok
2020-01-06,2026-01-09 22:33:02+00:00,ok
2020-01-07,2026-01-09 21:50:54+00:00,ok
2020-01-08,2026-01-09 22:28:51+00:00,ok
2020-01-09,2026-01-09 23:20:04+00:00,ok
2020-01-10,2026-01-09 21:03:15+00:00,ok
2020-01-11,2026-01-09 23:16:12+00:00,ok
2020-01-12,2026-01-09 20:33:55+00:00,ok
2020-01-13,2026-01-09 20:17:28+00:00,ok
2020-01-14,2026-01-09 22:17:35+00:00,ok
2020-01-15,2026-01-09 21:19:32+00:00,ok
2020-01-16,2026-01-09 23:37:52+00:00,ok
2020-01-17,2026-01-09 22:48:27+00:00,ok
2020-01-18,2026-01-09 20:03:05+00:00,ok
2020-01-19,2026-01-09 22:58:26+00:00,ok
2020-01-20,2026-01-09 20:49:48+00:00,ok
2020-01-21,2026-01-09 23:08:48+00:00,ok
2020-01-22,2026-01-09 23:25:59+00:00,ok
2020-01-23,2026-01-09 20:28:07+00:00,ok
2020-01-24,2026-01-09 19:58:18+00:00,ok
2020-01-25,2026-01-09 21:38:37+00:00,ok
2020-01-26,2026-01-09 20:46:19+00:00,ok
2020-01-27,2026-01-09 20:09:39+00:00,ok
2020-01-28,2026-01-09 20:03:12+00:00,ok
2020-01-29,2026-01-09 20:51:10+00:00,ok
2020-01-30,2026-01-09 21:03:28+00:00,ok
2020-01-31,2026-01-09 20:02:15+00:00,ok
2020-02-01,2026-01-09 21:04:48+00:00,ok
2020-02-02,2026-01-09 21:48:36+00:00,ok
2020-02-03,2026-01-09 20:43:58+00:00,ok
2020-02-04,2026-01-09 23:02:28+00:00,ok
2020-02-05,2026-01-09 21:22:22+00:00,ok
2020-02-06,2026-01-09 22:44:48+00:00,ok
2020-02-07,2026-01-09 20:41:36+00:00,ok
2020-02-08,2026-01-09 19:57:34+00:00,ok
2020-02-09,2026-01-09 22:53:26+00:00,ok
2020-02-10,2026-01-09 19:48:41+00:00,ok
2020-02-11,2026-01-09 20:30:43+00:00,ok
2020-02-12,2026-01-09 23:14:51+00:00,ok
2020-02-13,2026-01-09 22:10:15+00:00,ok
2020-02-14,2026-01-09 22:39:14+00:00,ok
2020-02-15,2026-01-09 20:35:42+00:00,ok
2020-02-16,2026-01-09 21:14:34+00:00,ok
2020-02-17,2026-01-09 21:40:50+00:00,ok
2020-02-18,2026-01-09 19:51:34+00:00,ok
2020-02-19,2026-01-09 19:44:25+00:00,ok
2020-02-20,2026-01-09 21:10:57+00:00,ok
2020-02-21,2026-01-09 21:19:45+00:00,ok
2020-02-22,2026-01-09 21:26:49+00:00,ok
2020-02-23,2026-01-09 21:39:52+00:00,ok
2020-02-24,2026-01-09 22:02:15+00:00,ok
2020-02-25,2026-01-09 20:41:49+00:00,ok
2020-02-26,2026-01-09 20:47:45+00:00,ok
2020-02-27,2026-01-09 20:56:00+00:00,ok
2020-02-28,2026-01-09 22:38:15+00:00,ok
2020-02-29,2026-01-09 22:42:44+00:00,ok
2020-03-01,2026-01-09 19:52:14+00:00,ok
2020-03-02,2026-01-09 21:44:10+00:00,ok
2020-03-03,2026-01-09 22:53:33+00:00,ok
2020-03-04,2026-01-09 21:11:13+00:00,ok
2020-03-05,2026-01-09 21:13:03+00:00,ok
2020-03-06,2026-01-09 23:37:59+00:00,ok
2020-03-07,2026-01-09 22:29:33+00:00,ok
2020-03-08,2026-01-09 23:01:35+00:00,ok
2020-03-09,2026-01-09 21:35:28+00:00,ok
2020-03-10,2026-01-09 21:24:21+00:00,ok
2020-03-11,2026-01-09 22:57:53+00:00,ok
2020-03-12,2026-01-09 23:27:20+00:00,ok
2020-03-13,2026-01-09 20:18:31+00:00,ok
2020-03-14,2026-01-09 20:52:59+00:00,ok
2020-03-15,2026-01-09 22:04:24+00:00,ok
2020-03-16,2026-01-09 23:26:13+00:00,ok
2020-03-17,2026-01-09 20:45:03+00:00,ok
2020-03-18,2026-01-09 22:18:49+00:00,ok
2020-03-19,2026-01-09 20:57:36+00:00,ok
2020-03-20,2026-01-09 22:33:32+00:00,ok
2020-03-21,2026-01-09 22:25:53+00:00,ok
2020-03-22,2026-01-09 21:11:36+00:00,ok
2020-03-23,2026-01-09 23:38:11+00:00,ok
2020-03-24,2026-01-09 22:18:08+00:00,ok
2020-03-25,2026-01-09 22:04:35+00:00,ok
2020-03-26,2026-01-09 22:58:54+00:00,ok
2020-03-27,2026-01-09 22:24:51+00:00,ok
2020-03-28,2026-01-09 20:32:13+00:00,ok
2020-03-29,2026-01-09 20:42:10+00:00,ok
2020-03-30,2026-01-09 22:39:46+00:00,ok
2020-03-31,2026-01-09 20:51:21+00:00,ok
2020-04-01,2026-01-09 22:46:30+00:00,ok
2020-04-02,2026-01-09 23:33:44+00:00,ok
2020-04-03,2026-01-09 20:48:10+00:00,ok
2020-04-04,2026-01-09 23:24:39+00:00,ok
2020-04-05,2026-01-09 23:17:02+00:00,ok
2020-04-06,2026-01-09 20:17:53+00:00,ok
2020-04-07,2026-01-09 19:53:46+00:00,ok
2020-04-08,2026-01-09 21:25:52+00:00,ok
2020-04-09,2026-01-09 21:48:06+00:00,ok
2020-04-10,2026-01-09 20:31:30+00:00,ok
2020-04-11,2026-01-09 20:23:46+00:00,ok
2020-04-12,2026-01-09 23:37:35+00:00,ok
2020-04-13,2026-01-09 20:39:37+00:00,ok
2020-04-14,2026-01-09 21:48:42+00:00,ok
2020-04-15,2026-01-09 22:59:42+00:00,ok
2020-04-16,2026-01-09 19:47:49+00:00,ok
2020-04-17,2026-01-09 20:20:49+00:00,ok
2020-04-18,2026-01-09 20:46:59+00:00,ok
2020-04-19,2026-01-09 23:28:02+00:00,ok
2020-04-20,2026-01-09 22:27:07+00:00,ok
2020-04-21,2026-01-09 23:24:33+00:00,ok
2020-04-22,2026-01-09 23:06:40+00:00,ok
2020-04-23,2026-01-09 22:13:14+00:00,ok
2020-04-24,2026-01-09 20:23:40+00:00,ok
2020-04-25,2026-01-09 22:36:45+00:00,ok
2020-04-26,2026-01-09 23:29:56+00:00,ok
2020-04-27,2026-01-09 22:57:06+00:00,ok
2020-04-28,2026-01-09 21:53:37+00:00,ok
2020-04-29,2026-01-09 20:28:50+00:00,ok
2020-04-30,2026-01-09 20:56:51+00:00,ok
2020-05-01,2026-01-09 20:33:29+00:00,ok
2020-05-02,2026-01-09 21:32:42+00:00,ok
2020-05-03,2026-01-09 23:32:36+00:00,ok
2020-05-04,2026-01-09 22:56:00+00:00,ok
2020-05-05,2026-01-09 20:37:12+00:00,ok
2020-05-06,2026-01-09 22:54:41+00:00,ok
2020-05-07,2026-01-09 22:39:28+00:00,ok
2020-05-08,2026-01-09 21:26:24+00:00,ok
2020-05-09,2026-01-09 23:35:32+00:00,ok
2020-05-10,2026-01-09 20:36:24+00:00,ok
2020-05-11,2026-01-09 22:43:17+00:00,ok
2020-05-12,2026-01-09 23:12:48+00:00,ok
2020-05-13,2026-01-09 23:25:52+00:00,ok
2020-05-14,2026-01-09 22:11:20+00:00,ok
2020-05-15,2026-01-09 23:33:15+00:00,ok
2020-05-16,2026-01-09 22:33:58+00:00,ok
2020-05-17,2026-01-09 21:26:35+00:00,ok
2020-05-18,2026-01-09 23:13:01+00:00,ok
2020-05-19,2026-01-09 20:19:14+00:00,ok
2020-05-20,2026-01-09 21:22:37+00:00,ok
2020-05-21,2026-01-09 22:41:23+00:00,ok
2020-05-22,2026-01-09 20:18:23+00:00,ok
2020-05-23,2026-01-09 21:46:46+00:00,ok
2020-05-24,2026-01-09 21:31:35+00:00,ok
2020-05-25,2026-01-09 21:28:41+00:00,ok
2020-05-26,2026-01-09 22:43:02+00:00,ok
2020-05-27,2026-01-09 21:09:11+00:00,ok
2020-05-28,2026-01-09 21:50:21+00:00,ok
2020-05-29,2026-01-09 23:13:59+00:00,ok
2020-05-30,2026-01-09 22:59:01+00:00,ok
2020-05-31,2026-01-09 23:25:46+00:00,ok
2020-06-01,2026-01-09 20:44:57+00:00,ok
2020-06-02,2026-01-09 23:03:20+00:00,ok
2020-06-03,2026-01-09 23:11:13+00:00,ok
2020-06-04,2026-01-09 23:38:17+00:00,ok
2020-06-05,2026-01-09 20:42:17+00:00,ok
2020-06-06,2026-01-09 23:11:06+00:00,ok
2020-06-07,2026-01-09 22:48:43+00:00,ok
2020-06-08,2026-01-09 23:00:14+00:00,ok
2020-06-09,2026-01-09 21:55:45+00:00,ok
2020-06-10,2026-01-09 23:22:35+00:00,ok
2020-06-11,2026-01-09 20:11:48+00:00,ok
2020-06-12,2026-01-09 22:25:40+00:00,ok
2020-06-13,2026-01-09 21:40:16+00:00,ok
2020-06-14,2026-01-09 22:00:45+00:00,ok
2020-06-15,2026-01-09 20:47:05+00:00,ok
2020-06-16,2026-01-09 20:14:25+00:00,ok
2020-06-17,2026-01-09 20:48:35+00:00,ok
2020-06-18,2026-01-09 20:54:19+00:00,ok
2020-06-19,2026-01-09 20:12:29+00:00,ok
2020-06-20,2026-01-09 22:49:44+00:00,ok
2020-06-21,2026-01-09 23:09:37+00:00,ok
2020-06-22,2026-01-09 22:27:27+00:00,ok
2020-06-23,2026-01-09 20:08:22+00:00,ok
2020-06-24,2026-01-09 23:33:50+00:00,ok
2020-06-25,2026-01-09 21:52:24+00:00,ok
2020-06-26,2026-01-09 22:33:08+00:00,ok
2020-06-27,2026-01-09 20:25:30+00:00,ok
2020-06-28,2026-01-09 21:09:16+00:00,ok
2020-06-29,2026-01-09 22:25:15+00:00,ok
2020-06-30,2026-01-09 19:53:00+00:00,ok
2020-07-01,2026-01-09 22:46:47+00:00,ok
2020-07-02,2026-01-09 22:13:49+00:00,ok
2020-07-03,2026-01-09 22:47:40+00:00,ok
2020-07-04,2026-01-09 21:54:13+00:00,ok
2020-07-05,2026-01-09 23:02:33+00:00,ok
2020-07-06,2026-01-09 21:02:14+00:00,ok
2020-07-07,2026-01-09 21:35:06+00:00,ok
2020-07-08,2026-01-09 22:57:13+00:00,ok
2020-07-09,2026-01-09 21:43:41+00:00,ok
2020-07-10,2026-01-09 22:43:44+00:00,ok
2020-07-11,2026-01-09 23:18:40+00:00,ok
2020-07-12,2026-01-09 21:29:31+00:00,ok
2020-07-13,2026-01-09 19:48:47+00:00,ok
2020-07-14,2026-01-09 22:06:29+00:00,ok
2020-07-15,2026-01-09 19:47:06+00:00,ok
2020-07-16,2026-01-09 22:40:43+00:00,ok
2020-07-17,2026-01-09 22:19:18+00:00,ok
2020-07-18,2026-01-09 23:17:13+00:00,ok
2020-07-19,2026-01-09 22:11:53+00:00,ok
2020-07-20,2026-01-09 21:24:38+00:00,ok
2020-07-21,2026-01-09 20:13:36+00:00,ok
2020-07-22,2026-01-09 20:47:18+00:00,ok
2020-07-23,2026-01-09 22:54:48+00:00,ok
2020-07-24,2026-01-09 20:19:21+00:00,ok
2020-07-25,2026-01-09 20:18:09+00:00,ok
2020-07-26,2026-01-09 22:33:13+00:00,ok
2020-07-27,2026-01-09 20:09:11+00:00,ok
2020-07-28,2026-01-09 20:00:49+00:00,ok
2020-07-29,2026-01-09 22:12:12+00:00,ok
2020-07-30,2026-01-09 20:34:49+00:00,ok
2020-07-31,2026-01-09 22:45:37+00:00,ok
2020-08-01,2026-01-09 21:17:40+00:00,ok
2020-08-02,2026-01-09 20:04:29+00:00,ok
2020-08-03,2026-01-09 21:17:47+00:00,ok
2020-08-04,2026-01-09 23:21:01+00:00,ok
2020-08-05,2026-01-09 22:24:40+00:00,ok
2020-08-06,2026-01-09 23:08:10+00:00,ok
2020-08-07,2026-01-09 19:41:25+00:00,ok
2020-08-08,2026-01-09 23:17:35+00:00,ok
2020-08-09,2026-01-09 22:04:29+00:00,ok
2020-08-10,2026-01-09 22:38:52+00:00,ok
2020-08-11,2026-01-09 19:46:20+00:00,ok
2020-08-12,2026-01-09 21:24:51+00:00,ok
2020-08-13,2026-01-09 23:00:20+00:00,ok
2020-08-14,2026-01-09 20:19:34+00:00,ok
2020-08-15,2026-01-09 22:23:45+00:00,ok
2020-08-16,2026-01-09 20:48:15+00:00,ok
2020-08-17,2026-01-09 22:19:48+00:00,ok
2020-08-18,2026-01-09 21:56:02+00:00,ok
2020-08-19,2026-01-09 21:53:12+00:00,ok
2020-08-20,2026-01-09 20:19:07+00:00,ok
2020-08-21,2026-01-09 23:27:53+00:00,ok
2020-08-22,2026-01-09 20:09:24+00:00,ok
2020-08-23,2026-01-09 21:02:24+00:00,ok
2020-08-24,2026-01-09 20:44:32+00:00,ok
2020-08-25,2026-01-09 23:09:43+00:00,ok
2020-08-26,2026-01-09 19:44:32+00:00,ok
2020-08-27,2026-01-09 22:49:09+00:00,ok
2020-08-28,2026-01-09 22:00:51+00:00,ok
2020-08-29,2026-01-09 21:31:05+00:00,ok
2020-08-30,2026-01-09 20:16:16+00:00,ok
2020-08-31,2026-01-09 22:53:21+00:00,ok
2020-09-01,2026-01-09 22:35:38+00:00,ok
2020-09-02,2026-01-09 22:41:17+00:00,ok
2020-09-03,2026-01-09 22:26:13+00:00,ok
2020-09-04,2026-01-09 22:29:53+00:00,ok
2020-09-05,2026-01-09 20:40:59+00:00,ok
2020-09-06,2026-01-09 22:56:12+00:00,ok
2020-09-07,2026-01-09 20:41:42+00:00,ok
2020-09-08,2026-01-09 20:15:38+00:00,ok
2020-09-09,2026-01-09 23:30:46+00:00,ok
2020-09-10,2026-01-09 23:07:48+00:00,ok
2020-09-11,2026-01-09 20:45:34+00:00,ok
2020-09-12,2026-01-09 20:27:02+00:00,ok
2020-09-13,2026-01-09 22:42:56+00:00,ok
2020-09-14,2026-01-09 22:18:20+00:00,ok
2020-09-15,2026-01-09 19:48:02+00:00,ok
2020-09-16,2026-01-09 23:01:56+00:00,ok
2020-09-17,2026-01-09 21:58:55+00:00,ok
2020-09-18,2026-01-09 20:29:11+00:00,ok
2020-09-19,2026-01-09 20:05:45+00:00,ok
2020-09-20,2026-01-09 22:52:54+00:00,ok
2020-09-21,2026-01-09 21:40:30+00:00,ok
2020-09-22,2026-01-09 23:07:27+00:00,ok
2020-09-23,2026-01-09 21:12:48+00:00,ok
2020-09-24,2026-01-09 21:00:44+00:00,ok
2020-09-25,2026-01-09 21:35:14+00:00,ok
2020-09-26,2026-01-09 23:35:21+00:00,ok
2020-09-27,2026-01-09 20:09:52+00:00,ok
2020-09-28,2026-01-09 20:11:26+00:00,ok
2020-09-29,2026-01-09 22:15:52+00:00,ok
2020-09-30,2026-01-09 20:16:11+00:00,ok
2020-10-01,2026-01-09 22:30:26+00:00,ok
2020-10-02,2026-01-09 21:07:48+00:00,ok
2020-10-03,2026-01-09 20:34:30+00:00,ok
2020-10-04,2026-01-09 21:33:11+00:00,ok
2020-10-05,2026-01-09 21:13:17+00:00,ok
2020-10-06,2026-01-09 21:33:45+00:00,ok
2020-10-07,2026-01-09 22:15:13+00:00,ok
2020-10-08,2026-01-09 22:25:22+00:00,ok
2020-10-09,2026-01-09 21:17:54+00:00,ok
2020-10-10,2026-01-09 21:11:41+00:00,ok
2020-10-11,2026-01-09 21:27:28+00:00,ok
2020-10-12,2026-01-09 23:12:19+00:00,ok
2020-10-13,2026-01-09 21:17:10+00:00,ok
2020-10-14,2026-01-09 21:37:15+00:00,ok
2020-10-15,2026-01-09 20:33:09+00:00,ok
2020-10-16,2026-01-09 22:00:35+00:00,ok
2020-10-17,2026-01-09 22:42:29+00:00,ok
2020-10-18,2026-01-09 22:28:38+00:00,ok
2020-10-19,2026-01-09 19:43:52+00:00,ok
2020-10-20,2026-01-09 21:06:25+00:00,ok
2020-10-21,2026-01-09 22:38:22+00:00,ok
2020-10-22,2026-01-09 22:08:30+00:00,ok
2020-10-23,2026-01-09 20:25:04+00:00,ok
2020-10-24,2026-01-09 23:23:04+00:00,ok
2020-10-25,2026-01-09 23:17:18+00:00,ok
2020-10-26,2026-01-09 23:19:23+00:00,ok
2020-10-27,2026-01-09 22:19:56+00:00,ok
2020-10-28,2026-01-09 20:23:10+00:00,ok
2020-10-29,2026-01-09 23:36:51+00:00,ok
2020-10-30,2026-01-09 23:06:27+00:00,ok
2020-10-31,2026-01-09 21:44:16+00:00,ok
2020-11-01,2026-01-09 21:25:47+00:00,ok
2020-11-02,2026-01-09 21:20:30+00:00,ok
2020-11-03,2026-01-09 21:33:31+00:00,ok
2020-11-04,2026-01-09 22:14:21+00:00,ok
2020-11-05,2026-01-09 20:53:06+00:00,ok
2020-11-06,2026-01-09 23:18:55+00:00,ok
2020-11-07,2026-01-09 20:42:22+00:00,ok
2020-11-08,2026-01-09 23:33:59+00:00,ok
2020-11-09,2026-01-09 19:55:49+00:00,ok
2020-11-10,2026-01-09 20:35:00+00:00,ok
2020-11-11,2026-01-09 23:28:42+00:00,ok
2020-11-12,2026-01-09 19:41:08+00:00,ok
2020-11-13,2026-01-09 22:46:12+00:00,ok
2020-11-14,2026-01-09 23:34:17+00:00,ok
2020-11-15,2026-01-09 23:36:35+00:00,ok
2020-11-16,2026-01-09 19:46:49+00:00,ok
2020-11-17,2026-01-09 23:29:33+00:00,ok
2020-11-18,2026-01-09 23:15:05+00:00,ok
2020-11-19,2026-01-09 21:52:06+00:00,ok
2020-11-20,2026-01-09 19:41:01+00:00,ok
2020-11-21,2026-01-09 19:49:34+00:00,ok
2020-11-22,2026-01-09 21:45:41+00:00,ok
2020-11-23,2026-01-09 21:03:40+00:00,ok
2020-11-24,2026-01-09 19:58:32+00:00,ok
2020-11-25,2026-01-09 22:11:07+00:00,ok
2020-11-26,2026-01-09 20:20:05+00:00,ok
2020-11-27,2026-01-09 20:37:45+00:00,ok
2020-11-28,2026-01-09 22:21:47+00:00,ok
2020-11-29,2026-01-09 19:55:54+00:00,ok
2020-11-30,2026-01-09 23:13:20+00:00,ok
2020-12-01,2026-01-09 23:06:02+00:00,ok
2020-12-02,2026-01-09 20:03:30+00:00,ok
2020-12-03,2026-01-09 22:45:31+00:00,ok
2020-12-04,2026-01-09 23:13:45+00:00,ok
2020-12-05,2026-01-09 19:51:09+00:00,ok
2020-12-06,2026-01-09 23:11:50+00:00,ok
2020-12-07,2026-01-09 20:20:12+00:00,ok
2020-12-08,2026-01-09 19:52:09+00:00,ok
2020-12-09,2026-01-09 22:43:09+00:00,ok
2020-12-10,2026-01-09 22:22:08+00:00,ok
2020-12-11,2026-01-09 20:12:59+00:00,ok
2020-12-12,2026-01-09 22:59:36+00:00,ok
2020-12-13,2026-01-09 21:28:35+00:00,ok
2020-12-14,2026-01-09 20:37:32+00:00,ok
2020-12-15,2026-01-09 21:40:11+00:00,ok
2020-12-16,2026-01-09 21:51:32+00:00,ok
2020-12-17,2026-01-09 21:29:36+00:00,ok
2020-12-18,2026-01-09 23:32:19+00:00,ok
2020-12-19,2026-01-09 22:49:03+00:00,ok
2020-12-20,2026-01-09 23:37:30+00:00,ok
2020-12-21,2026-01-09 23:37:25+00:00,ok
2020-12-22,2026-01-09 21:53:51+00:00,ok
2020-12-23,2026-01-09 22:52:08+00:00,ok
2020-12-24,2026-01-09 20:39:51+00:00,ok
2020-12-25,2026-01-09 20:18:03+00:00,ok
2020-12-26,2026-01-09 20:36:51+00:00,ok
2020-12-27,2026-01-09 22:08:16+00:00,ok
2020-12-28,2026-01-09 22:16:17+00:00,ok
2020-12-29,2026-01-09 20:16:37+00:00,ok
2020-12-30,2026-01-09 19:54:58+00:00,ok
2020-12-31,2026-01-09 20:11:18+00:00,ok
2021-01-01,2026-01-09 22:31:47+00:00,ok
2021-01-02,2026-01-09 19:54:47+00:00,ok
2021-01-03,2026-01-09 23:29:25+00:00,ok
2021-01-04,2026-01-09 20:39:44+00:00,ok
2021-01-05,2026-01-09 23:20:39+00:00,ok
2021-01-06,2026-01-09 23:28:15+00:00,ok
2021-01-07,2026-01-09 22:12:00+00:00,ok
2021-01-08,2026-01-09 22:44:30+00:00,ok
2021-01-09,2026-01-09 22:29:28+00:00,ok
2021-01-10,2026-01-09 21:13:29+00:00,ok
2021-01-11,2026-01-09 22:12:34+00:00,ok
2021-01-12,2026-01-09 20:40:17+00:00,ok
2021-01-13,2026-01-09 22:31:53+00:00,ok
2021-01-14,2026-01-09 20:34:24+00:00,ok
2021-01-15,2026-01-09 23:07:01+00:00,ok
2021-01-16,2026-01-09 22:01:55+00:00,ok
2021-01-17,2026-01-09 20:44:19+00:00,ok
2021-01-18,2026-01-09 22:28:09+00:00,ok
2021-01-19,2026-01-09 23:37:04+00:00,ok
2021-01-20,2026-01-09 19:47:20+00:00,ok
2021-01-21,2026-01-09 21:33:38+00:00,ok
2021-01-22,2026-01-09 21:33:06+00:00,ok
2021-01-23,2026-01-09 19:41:40+00:00,ok
2021-01-24,2026-01-09 23:07:32+00:00,ok
2021-01-25,2026-01-09 22:49:28+00:00,ok
2021-01-26,2026-01-09 22:08:56+00:00,ok
2021-01-27,2026-01-09 21:46:18+00:00,ok
2021-01-28,2026-01-09 22:14:27+00:00,ok
2021-01-29,2026-01-09 21:01:09+00:00,ok
2021-01-30,2026-01-09 23:09:27+00:00,ok
2021-01-31,2026-01-09 20:26:30+00:00,ok
2021-02-01,2026-01-09 22:45:58+00:00,ok
2021-02-02,2026-01-09 20:56:06+00:00,ok
2021-02-03,2026-01-09 20:55:41+00:00,ok
2021-02-04,2026-01-09 19:44:38+00:00,ok
2021-02-05,2026-01-09 19:49:14+00:00,ok
2021-02-06,2026-01-09 22:10:03+00:00,ok
2021-02-07,2026-01-09 20:53:52+00:00,ok
2021-02-08,2026-01-09 21:56:52+00:00,ok
2021-02-09,2026-01-09 19:42:48+00:00,ok
2021-02-10,2026-01-09 21:38:03+00:00,ok
2021-02-11,2026-01-09 20:26:13+00:00,ok
2021-02-12,2026-01-09 19:50:15+00:00,ok
2021-02-13,2026-01-09 20:52:52+00:00,ok
2021-02-14,2026-01-09 21:39:47+00:00,ok
2021-02-15,2026-01-09 23:10:28+00:00,ok
2021-02-16,2026-01-09 21:55:38+00:00,ok
2021-02-17,2026-01-09 20:41:29+00:00,ok
2021-02-18,2026-01-09 23:29:20+00:00,ok
2021-02-19,2026-01-09 20:08:52+00:00,ok
2021-02-20,2026-01-09 21:32:23+00:00,ok
2021-02-21,2026-01-09 21:45:52+00:00,ok
2021-02-22,2026-01-09 22:42:09+00:00,ok
2021-02-23,2026-01-09 22:22:55+00:00,ok
2021-02-24,2026-01-09 20:30:56+00:00,ok
2021-02-25,2026-01-09 22:34:49+00:00,ok
2021-02-26,2026-01-09 22:09:32+00:00,ok
2021-02-27,2026-01-09 23:30:52+00:00,ok
2021-02-28,2026-01-09 19:47:31+00:00,ok
2021-03-01,2026-01-09 23:12:25+00:00,ok
2021-03-02,2026-01-09 20:05:01+00:00,ok
2021-03-03,2026-01-09 22:29:10+00:00,ok
2021-03-04,2026-01-09 20:25:24+00:00,ok
2021-03-05,2026-01-09 23:23:45+00:00,ok
2021-03-06,2026-01-09 23:24:44+00:00,ok
2021-03-07,2026-01-09 21:42:55+00:00,ok
2021-03-08,2026-01-09 20:56:29+00:00,ok
2021-03-09,2026-01-09 21:54:25+00:00,ok
2021-03-10,2026-01-09 20:12:22+00:00,ok
2021-03-11,2026-01-09 21:36:50+00:00,ok
2021-03-12,2026-01-09 19:52:37+00:00,ok
2021-03-13,2026-01-09 20:02:26+00:00,ok
2021-03-14,2026-01-09 22:53:38+00:00,ok
2021-03-15,2026-01-09 20:51:42+00:00,ok
2021-03-16,2026-01-09 22:21:36+00:00,ok
2021-03-17,2026-01-09 21:12:22+00:00,ok
2021-03-18,2026-01-09 19:54:16+00:00,ok
2021-03-19,2026-01-09 20:54:12+00:00,ok
2021-03-20,2026-01-09 22:29:46+00:00,ok
2021-03-21,2026-01-09 21:23:04+00:00,ok
2021-03-22,2026-01-09 22:04:02+00:00,ok
2021-03-23,2026-01-09 22:18:26+00:00,ok
2021-03-24,2026-01-09 22:12:06+00:00,ok
2021-03-25,2026-01-09 21:05:02+00:00,ok
2021-03-26,2026-01-09 21:07:33+00:00,ok
2021-03-27,2026-01-09 21:43:13+00:00,ok
2021-03-28,2026-01-09 19:53:04+00:00,ok
2021-03-29,2026-01-09 22:55:19+00:00,ok
2021-03-30,2026-01-09 22:46:04+00:00,ok
2021-03-31,2026-01-09 23:27:34+00:00,ok
2021-04-01,2026-01-09 21:44:28+00:00,ok
2021-04-02,2026-01-09 20:54:47+00:00,ok
2021-04-03,2026-01-09 23:18:19+00:00,ok
2021-04-04,2026-01-09 23:33:32+00:00,ok
2021-04-05,2026-01-09 21:46:33+00:00,ok
2021-04-06,2026-01-09 21:15:36+00:00,ok
2021-04-07,2026-01-09 21:11:48+00:00,ok
2021-04-08,2026-01-09 21:34:37+00:00,ok
2021-04-09,2026-01-09 20:19:28+00:00,ok
2021-04-10,2026-01-09 21:05:20+00:00,ok
2021-04-11,2026-01-09 23:15:21+00:00,ok
2021-04-12,2026-01-09 21:31:30+00:00,ok
2021-04-13,2026-01-09 20:18:50+00:00,ok
2021-04-14,2026-01-09 21:52:37+00:00,ok
2021-04-15,2026-01-09 23:14:32+00:00,ok
2021-04-16,2026-01-09 23:00:38+00:00,ok
2021-04-17,2026-01-09 20:24:50+00:00,ok
2021-04-18,2026-01-09 20:47:23+00:00,ok
2021-04-19,2026-01-09 21:52:18+00:00,ok
2021-04-20,2026-01-09 21:21:37+00:00,ok
2021-04-21,2026-01-09 22:38:28+00:00,ok
2021-04-22,2026-01-09 21:17:24+00:00,ok
2021-04-23,2026-01-09 23:33:08+00:00,ok
2021-04-24,2026-01-09 23:13:24+00:00,ok
2021-04-25,2026-01-09 21:45:25+00:00,ok
2021-04-26,2026-01-09 22:17:45+00:00,ok
2021-04-27,2026-01-09 20:50:51+00:00,ok
2021-04-28,2026-01-09 21:18:26+00:00,ok
2021-04-29,2026-01-09 21:15:03+00:00,ok
2021-04-30,2026-01-09 22:48:32+00:00,ok
2021-05-01,2026-01-09 20:43:06+00:00,ok
2021-05-02,2026-01-09 21:47:50+00:00,ok
2021-05-03,2026-01-09 21:16:22+00:00,ok
2021-05-04,2026-01-09 22:15:30+00:00,ok
2021-05-05,2026-01-09 22:42:35+00:00,ok
2021-05-06,2026-01-09 23:14:04+00:00,ok
2021-05-07,2026-01-09 22:08:05+00:00,ok
2021-05-08,2026-01-09 22:45:18+00:00,ok
2021-05-09,2026-01-09 21:46:05+00:00,ok
2021-05-10,2026-01-09 21:09:42+00:00,ok
2021-05-11,2026-01-09 20:07:21+00:00,ok
2021-05-12,2026-01-09 23:31:58+00:00,ok
2021-05-13,2026-01-09 21:50:46+00:00,ok
2021-05-14,2026-01-09 23:08:03+00:00,ok
2021-05-15,2026-01-09 23:22:10+00:00,ok
2021-05-16,2026-01-09 21:26:40+00:00,ok
2021-05-17,2026-01-09 20:26:06+00:00,ok
2021-05-18,2026-01-09 21:01:53+00:00,ok
2021-05-19,2026-01-09 22:40:01+00:00,ok
2021-05-20,2026-01-09 21:58:31+00:00,ok
2021-05-21,2026-01-09 20:24:56+00:00,ok
2021-05-22,2026-01-09 19:54:21+00:00,ok
2021-05-23,2026-01-09 22:13:42+00:00,ok
2021-05-24,2026-01-09 21:47:40+00:00,ok
2021-05-25,2026-01-09 23:21:14+00:00,ok
2021-05-26,2026-01-09 23:00:55+00:00,ok
2021-05-27,2026-01-09 20:44:14+00:00,ok
2021-05-28,2026-01-09 21:11:30+00:00,ok
2021-05-29,2026-01-09 21:53:16+00:00,ok
2021-05-30,2026-01-09 22:41:44+00:00,ok
2021-05-31,2026-01-09 23:18:08+00:00,ok
2021-06-01,2026-01-09 19:53:19+00:00,ok
2021-06-02,2026-01-09 21:06:13+00:00,ok
2021-06-03,2026-01-09 20:51:03+00:00,ok
2021-06-04,2026-01-09 21:16:29+00:00,ok
2021-06-05,2026-01-09 23:19:27+00:00,ok
2021-06-06,2026-01-09 21:29:25+00:00,ok
2021-06-07,2026-01-09 22:40:56+00:00,ok
2021-06-08,2026-01-09 23:30:40+00:00,ok
2021-06-09,2026-01-09 19:59:28+00:00,ok
2021-06-10,2026-01-09 20:36:10+00:00,ok
2021-06-11,2026-01-09 21:50:40+00:00,ok
2021-06-12,2026-01-09 20:07:39+00:00,ok
2021-06-13,2026-01-09 20:27:13+00:00,ok
2021-06-14,2026-01-09 22:07:15+00:00,ok
2021-06-15,2026-01-09 22:27:33+00:00,ok
2021-06-16,2026-01-09 23:34:55+00:00,ok
2021-06-17,2026-01-09 22:59:55+00:00,ok
2021-06-18,2026-01-09 23:12:03+00:00,ok
2021-06-19,2026-01-09 20:02:21+00:00,ok
2021-06-20,2026-01-09 22:56:22+00:00,ok
2021-06-21,2026-01-09 20:30:02+00:00,ok
2021-06-22,2026-01-09 23:21:28+00:00,ok
2021-06-23,2026-01-09 23:20:10+00:00,ok
2021-06-24,2026-01-09 19:55:36+00:00,ok
2021-06-25,2026-01-09 21:03:01+00:00,ok
2021-06-26,2026-01-09 23:27:46+00:00,ok
2021-06-27,2026-01-09 19:43:38+00:00,ok
2021-06-28,2026-01-09 22:04:41+00:00,ok
2021-06-29,2026-01-09 22:03:50+00:00,ok
2021-06-30,2026-01-09 23:30:28+00:00,ok
2021-07-01,2026-01-09 21:27:56+00:00,ok
2021-07-02,2026-01-09 21:53:58+00:00,ok
2021-07-03,2026-01-09 20:50:09+00:00,ok
2021-07-04,2026-01-09 19:55:11+00:00,ok
2021-07-05,2026-01-09 22:51:03+00:00,ok
2021-07-06,2026-01-09 20:19:59+00:00,ok
2021-07-07,2026-01-09 23:22:05+00:00,ok
2021-07-08,2026-01-09 23:20:47+00:00,ok
2021-07-09,2026-01-09 22:06:10+00:00,ok
2021-07-10,2026-01-09 22:33:44+00:00,ok
2021-07-11,2026-01-09 20:23:50+00:00,ok
2021-07-12,2026-01-09 23:06:46+00:00,ok
2021-07-13,2026-01-09 20:19:52+00:00,ok
2021-07-14,2026-01-09 22:48:20+00:00,ok
2021-07-15,2026-01-09 23:34:23+00:00,ok
2021-07-16,2026-01-09 20:53:59+00:00,ok
2021-07-17,2026-01-09 22:33:26+00:00,ok
2021-07-18,2026-01-09 22:25:02+00:00,ok
2021-07-19,2026-01-09 22:21:22+00:00,ok
2021-07-20,2026-01-09 21:55:52+00:00,ok
2021-07-21,2026-01-09 22:01:11+00:00,ok
2021-07-22,2026-01-09 20:45:55+00:00,ok
2021-07-23,2026-01-09 21:24:02+00:00,ok
2021-07-24,2026-01-09 22:50:45+00:00,ok
2021-07-25,2026-01-09 19:48:33+00:00,ok
2021-07-26,2026-01-09 20:37:25+00:00,ok
2021-07-27,2026-01-09 21:30:44+00:00,ok
2021-07-28,2026-01-09 21:50:27+00:00,ok
2021-07-29,2026-01-09 20:21:42+00:00,ok
2021-07-30,2026-01-09 21:49:52+00:00,ok
2021-07-31,2026-01-09 22:24:26+00:00,ok
2021-08-01,2026-01-09 22:47:33+00:00,ok
2021-08-02,2026-01-09 23:26:26+00:00,ok
2021-08-03,2026-01-09 21:32:12+00:00,ok
2021-08-04,2026-01-09 21:51:08+00:00,ok
2021-08-05,2026-01-09 20:11:06+00:00,ok
2021-08-06,2026-01-09 23:14:58+00:00,ok
2021-08-07,2026-01-09 21:20:39+00:00,ok
2021-08-08,2026-01-09 22:00:40+00:00,ok
2021-08-09,2026-01-09 21:43:20+00:00,ok
2021-08-10,2026-01-09 21:52:43+00:00,ok
2021-08-11,2026-01-09 22:05:00+00:00,ok
2021-08-12,2026-01-09 23:08:23+00:00,ok
2021-08-13,2026-01-09 21:52:13+00:00,ok
2021-08-14,2026-01-09 22:38:08+00:00,ok
2021-08-15,2026-01-09 22:44:34+00:00,ok
2021-08-16,2026-01-09 23:17:08+00:00,ok
2021-08-17,2026-01-09 19:44:49+00:00,ok
2021-08-18,2026-01-09 23:10:41+00:00,ok
2021-08-19,2026-01-09 20:32:01+00:00,ok
2021-08-20,2026-01-09 22:50:39+00:00,ok
2021-08-21,2026-01-09 22:17:51+00:00,ok
2021-08-22,2026-01-09 21:57:39+00:00,ok
2021-08-23,2026-01-09 21:45:13+00:00,ok
2021-08-24,2026-01-09 22:37:50+00:00,ok
2021-08-25,2026-01-09 23:06:15+00:00,ok
2021-08-26,2026-01-09 22:43:30+00:00,ok
2021-08-27,2026-01-09 23:24:15+00:00,ok
2021-08-28,2026-01-09 19:50:45+00:00,ok
2021-08-29,2026-01-09 21:43:51+00:00,ok
2021-08-30,2026-01-09 20:01:58+00:00,ok
2021-08-31,2026-01-09 22:50:52+00:00,ok
2021-09-01,2026-01-09 23:07:13+00:00,ok
2021-09-02,2026-01-09 23:23:58+00:00,ok
2021-09-03,2026-01-09 21:43:27+00:00,ok
2021-09-04,2026-01-09 21:41:09+00:00,ok
2021-09-05,2026-01-09 23:04:18+00:00,ok
2021-09-06,2026-01-09 21:58:25+00:00,ok
2021-09-07,2026-01-09 23:03:57+00:00,ok
2021-09-08,2026-01-09 21:45:47+00:00,ok
2021-09-09,2026-01-09 22:00:58+00:00,ok
2021-09-10,2026-01-09 19:38:42+00:00,ok
2021-09-11,2026-01-09 21:01:03+00:00,ok
2021-09-12,2026-01-09 21:36:04+00:00,ok
2021-09-13,2026-01-09 21:29:01+00:00,ok
2021-09-14,2026-01-09 21:41:20+00:00,ok
2021-09-15,2026-01-09 21:02:31+00:00,ok
2021-09-16,2026-01-09 21:45:07+00:00,ok
2021-09-17,2026-01-09 21:37:49+00:00,ok
2021-09-18,2026-01-09 22:23:00+00:00,ok
2021-09-19,2026-01-09 22:06:46+00:00,ok
2021-09-20,2026-01-09 21:21:20+00:00,ok
2021-09-21,2026-01-09 22:53:45+00:00,ok
2021-09-22,2026-01-09 21:52:59+00:00,ok
2021-09-23,2026-01-09 22:22:01+00:00,ok
2021-09-24,2026-01-09 20:09:18+00:00,ok
2021-09-25,2026-01-09 20:14:11+00:00,ok
2021-09-26,2026-01-09 22:40:23+00:00,ok
2021-09-27,2026-01-09 22:30:44+00:00,ok
2021-09-28,2026-01-09 20:38:52+00:00,ok
2021-09-29,2026-01-09 23:30:35+00:00,ok
2021-09-30,2026-01-09 22:25:59+00:00,ok
2021-10-01,2026-01-09 21:27:46+00:00,ok
2021-10-02,2026-01-09 21:42:39+00:00,ok
2021-10-03,2026-01-09 23:00:32+00:00,ok
2021-10-04,2026-01-09 21:34:15+00:00,ok
2021-10-05,2026-01-09 20:07:28+00:00,ok
2021-10-06,2026-01-09 22:21:29+00:00,ok
2021-10-07,2026-01-09 21:36:29+00:00,ok
2021-10-08,2026-01-09 21:37:56+00:00,ok
2021-10-09,2026-01-09 22:03:04+00:00,ok
2021-10-10,2026-01-09 20:21:01+00:00,ok
2021-10-11,2026-01-09 22:20:28+00:00,ok
2021-10-12,2026-01-09 22:56:29+00:00,ok
2021-10-13,2026-01-09 20:38:15+00:00,ok
2021-10-14,2026-01-09 23:38:53+00:00,ok
2021-10-15,2026-01-09 20:33:02+00:00,ok
2021-10-16,2026-01-09 22:20:52+00:00,ok
2021-10-17,2026-01-09 21:23:09+00:00,ok
2021-10-18,2026-01-09 19:48:22+00:00,ok
2021-10-19,2026-01-09 23:10:10+00:00,ok
2021-10-20,2026-01-09 21:07:55+00:00,ok
2021-10-21,2026-01-09 23:19:52+00:00,ok
2021-10-22,2026-01-09 20:31:16+00:00,ok
2021-10-23,2026-01-09 22:10:08+00:00,ok
2021-10-24,2026-01-09 21:49:57+00:00,ok
2021-10-25,2026-01-09 22:21:54+00:00,ok
2021-10-26,2026-01-09 21:24:45+00:00,ok
2021-10-27,2026-01-09 21:37:42+00:00,ok
2021-10-28,2026-01-09 22:54:54+00:00,ok
2021-10-29,2026-01-09 21:41:34+00:00,ok
2021-10-30,2026-01-09 21:17:35+00:00,ok
2021-10-31,2026-01-09 23:36:44+00:00,ok
2021-11-01,2026-01-09 22:52:01+00:00,ok
2021-11-02,2026-01-09 21:19:57+00:00,ok
2021-11-03,2026-01-09 20:07:59+00:00,ok
2021-11-04,2026-01-09 20:22:00+00:00,ok
2021-11-05,2026-01-09 22:25:47+00:00,ok
2021-11-06,2026-01-09 19:45:02+00:00,ok
2021-11-07,2026-01-09 22:54:59+00:00,ok
2021-11-08,2026-01-09 21:20:10+00:00,ok
2021-11-09,2026-01-09 21:48:13+00:00,ok
2021-11-10,2026-01-09 20:00:56+00:00,ok
2021-11-11,2026-01-09 21:01:17+00:00,ok
2021-11-12,2026-01-09 19:56:34+00:00,ok
2021-11-13,2026-01-09 21:14:52+00:00,ok
2021-11-14,2026-01-09 23:30:22+00:00,ok
2021-11-15,2026-01-09 21:53:23+00:00,ok
2021-11-16,2026-01-09 22:25:34+00:00,ok
2021-11-17,2026-01-09 21:23:30+00:00,ok
2021-11-18,2026-01-09 20:24:05+00:00,ok
2021-11-19,2026-01-09 21:37:21+00:00,ok
2021-11-20,2026-01-09 21:54:35+00:00,ok
2021-11-21,2026-01-09 21:43:56+00:00,ok
2021-11-22,2026-01-09 22:05:25+00:00,ok
2021-11-23,2026-01-09 20:25:17+00:00,ok
2021-11-24,2026-01-09 20:04:24+00:00,ok
2021-11-25,2026-01-09 20:29:37+00:00,ok
2021-11-26,2026-01-09 21:50:04+00:00,ok
2021-11-27,2026-01-09 20:10:53+00:00,ok
2021-11-28,2026-01-09 23:31:04+00:00,ok
2021-11-29,2026-01-09 19:55:24+00:00,ok
2021-11-30,2026-01-09 20:07:14+00:00,ok
2021-12-01,2026-01-09 20:11:32+00:00,ok
2021-12-02,2026-01-09 22:10:27+00:00,ok
2021-12-03,2026-01-09 21:42:28+00:00,ok
2021-12-04,2026-01-09 21:20:35+00:00,ok
2021-12-05,2026-01-09 23:15:09+00:00,ok
2021-12-06,2026-01-09 20:14:57+00:00,ok
2021-12-07,2026-01-09 23:28:55+00:00,ok
2021-12-08,2026-01-09 21:35:21+00:00,ok
2021-12-09,2026-01-09 21:32:52+00:00,ok
2021-12-10,2026-01-09 21:08:40+00:00,ok
2021-12-11,2026-01-09 20:50:32+00:00,ok
2021-12-12,2026-01-09 23:37:39+00:00,ok
2021-12-13,2026-01-09 20:03:17+00:00,ok
2021-12-14,2026-01-09 23:16:51+00:00,ok
2021-12-15,2026-01-09 20:44:37+00:00,ok
2021-12-16,2026-01-09 21:54:07+00:00,ok
2021-12-17,2026-01-09 22:58:03+00:00,ok
2021-12-18,2026-01-09 21:27:50+00:00,ok
2021-12-19,2026-01-09 22:55:07+00:00,ok
2021-12-20,2026-01-09 21:28:17+00:00,ok
2021-12-21,2026-01-09 23:05:35+00:00,ok
2021-12-22,2026-01-09 22:17:21+00:00,ok
2021-12-23,2026-01-09 22:20:47+00:00,ok
2021-12-24,2026-01-09 23:33:21+00:00,ok
2021-12-25,2026-01-09 21:40:44+00:00,ok
2021-12-26,2026-01-09 21:08:54+00:00,ok
2021-12-27,2026-01-09 22:46:59+00:00,ok
2021-12-28,2026-01-09 21:18:34+00:00,ok
2021-12-29,2026-01-09 22:07:46+00:00,ok
2021-12-30,2026-01-09 23:19:46+00:00,ok
2021-12-31,2026-01-09 21:18:41+00:00,ok
2022-01-01,2026-01-09 21:16:10+00:00,ok
2022-01-02,2026-01-09 21:31:23+00:00,ok
2022-01-03,2026-01-09 22:49:16+00:00,ok
2022-01-04,2026-01-09 20:25:11+00:00,ok
2022-01-05,2026-01-09 22:58:21+00:00,ok
2022-01-06,2026-01-09 21:57:28+00:00,ok
2022-01-07,2026-01-09 19:43:19+00:00,ok
2022-01-08,2026-01-09 22:32:05+00:00,ok
2022-01-09,2026-01-09 19:51:19+00:00,ok
2022-01-10,2026-01-09 22:14:08+00:00,ok
2022-01-11,2026-01-09 22:49:33+00:00,ok
2022-01-12,2026-01-09 22:35:31+00:00,ok
2022-01-13,2026-01-09 21:56:31+00:00,ok
2022-01-14,2026-01-09 19:45:35+00:00,ok
2022-01-15,2026-01-09 21:09:00+00:00,ok
2022-01-16,2026-01-09 23:17:24+00:00,ok
2022-01-17,2026-01-09 21:03:21+00:00,ok
2022-01-18,2026-01-09 21:19:04+00:00,ok
2022-01-19,2026-01-09 22:30:51+00:00,ok
2022-01-20,2026-01-09 21:40:23+00:00,ok
2022-01-21,2026-01-09 20:06:52+00:00,ok
2022-01-22,2026-01-09 23:05:07+00:00,ok
2022-01-23,2026-01-09 23:05:46+00:00,ok
2022-01-24,2026-01-09 22:46:18+00:00,ok
2022-01-25,2026-01-09 20:54:54+00:00,ok
2022-01-26,2026-01-09 20:17:46+00:00,ok
2022-01-27,2026-01-09 19:47:37+00:00,ok
2022-01-28,2026-01-09 22:37:38+00:00,ok
2022-01-29,2026-01-09 21:07:15+00:00,ok
2022-01-30,2026-01-09 21:36:15+00:00,ok
2022-01-31,2026-01-09 20:19:45+00:00,ok
2022-02-01,2026-01-09 19:39:03+00:00,ok
2022-02-02,2026-01-09 19:40:54+00:00,ok
2022-02-03,2026-01-09 22:50:22+00:00,ok
2022-02-04,2026-01-09 20:24:22+00:00,ok
2022-02-05,2026-01-09 20:53:46+00:00,ok
2022-02-06,2026-01-09 19:53:55+00:00,ok
2022-02-07,2026-01-09 21:02:19+00:00,ok
2022-02-08,2026-01-09 20:40:29+00:00,ok
2022-02-09,2026-01-09 19:51:15+00:00,ok
2022-02-10,2026-01-09 21:06:53+00:00,ok
2022-02-11,2026-01-09 20:38:32+00:00,ok
2022-02-12,2026-01-09 23:38:31+00:00,ok
2022-02-13,2026-01-09 22:57:45+00:00,ok
2022-02-14,2026-01-09 20:02:08+00:00,ok
2022-02-15,2026-01-09 22:04:54+00:00,ok
2022-02-16,2026-01-09 22:32:55+00:00,ok
2022-02-17,2026-01-09 22:03:41+00:00,ok
2022-02-18,2026-01-09 22:58:43+00:00,ok
2022-02-19,2026-01-09 20:50:28+00:00,ok
2022-02-20,2026-01-09 20:44:03+00:00,ok
2022-02-21,2026-01-09 20:03:54+00:00,ok
2022-02-22,2026-01-09 22:07:09+00:00,ok
2022-02-23,2026-01-09 23:34:11+00:00,ok
2022-02-24,2026-01-09 23:25:35+00:00,ok
2022-02-25,2026-01-09 22:08:11+00:00,ok
2022-02-26,2026-01-09 23:23:17+00:00,ok
2022-02-27,2026-01-09 21:19:18+00:00,ok
2022-02-28,2026-01-09 20:48:27+00:00,ok
2022-03-01,2026-01-09 21:28:48+00:00,ok
2022-03-02,2026-01-09 23:17:55+00:00,ok
2022-03-03,2026-01-09 20:45:20+00:00,ok
2022-03-04,2026-01-09 21:59:20+00:00,ok
2022-03-05,2026-01-09 21:36:43+00:00,ok
2022-03-06,2026-01-09 20:45:09+00:00,ok
2022-03-07,2026-01-09 21:49:45+00:00,ok
2022-03-08,2026-01-09 22:15:45+00:00,ok
2022-03-09,2026-01-09 21:32:59+00:00,ok
2022-03-10,2026-01-09 23:14:26+00:00,ok
2022-03-11,2026-01-09 20:36:58+00:00,ok
2022-03-12,2026-01-09 20:59:33+00:00,ok
2022-03-13,2026-01-09 22:29:15+00:00,ok
2022-03-14,2026-01-09 19:44:04+00:00,ok
2022-03-15,2026-01-09 22:14:34+00:00,ok
2022-03-16,2026-01-09 23:03:48+00:00,ok
2022-03-17,2026-01-09 22:17:27+00:00,ok
2022-03-18,2026-01-09 23:32:25+00:00,ok
2022-03-19,2026-01-09 20:52:04+00:00,ok
2022-03-20,2026-01-09 21:11:53+00:00,ok
2022-03-21,2026-01-09 21:28:31+00:00,ok
2022-03-22,2026-01-09 22:34:27+00:00,ok
2022-03-23,2026-01-09 22:10:41+00:00,ok
2022-03-24,2026-01-09 20:22:45+00:00,ok
2022-03-25,2026-01-09 22:45:13+00:00,ok
2022-03-26,2026-01-09 23:36:40+00:00,ok
2022-03-27,2026-01-09 21:30:15+00:00,ok
2022-03-28,2026-01-09 20:14:17+00:00,ok
2022-03-29,2026-01-09 21:22:48+00:00,ok
2022-03-30,2026-01-09 20:28:37+00:00,ok
2022-03-31,2026-01-09 22:37:44+00:00,ok
2022-04-01,2026-01-09 23:13:31+00:00,ok
2022-04-02,2026-01-09 20:10:21+00:00,ok
2022-04-03,2026-01-09 22:41:28+00:00,ok
2022-04-04,2026-01-09 23:36:02+00:00,ok
2022-04-05,2026-01-09 21:46:59+00:00,ok
2022-04-06,2026-01-09 22:08:36+00:00,ok
2022-04-07,2026-01-09 22:04:47+00:00,ok
2022-04-08,2026-01-09 23:28:29+00:00,ok
2022-04-09,2026-01-09 21:48:00+00:00,ok
2022-04-10,2026-01-09 20:34:53+00:00,ok
2022-04-11,2026-01-09 23:38:27+00:00,ok
2022-04-12,2026-01-09 21:19:38+00:00,ok
2022-04-13,2026-01-09 21:37:28+00:00,ok
2022-04-14,2026-01-09 21:35:38+00:00,ok
2022-04-15,2026-01-09 21:40:04+00:00,ok
2022-04-16,2026-01-09 22:47:50+00:00,ok
2022-04-17,2026-01-09 21:34:25+00:00,ok
2022-04-18,2026-01-09 22:37:31+00:00,ok
2022-04-19,2026-01-09 21:21:05+00:00,ok
2022-04-20,2026-01-09 20:52:26+00:00,ok
2022-04-21,2026-01-09 20:15:58+00:00,ok
2022-04-22,2026-01-09 19:56:01+00:00,ok
2022-04-23,2026-01-09 20:38:44+00:00,ok
2022-04-24,2026-01-09 23:38:05+00:00,ok
2022-04-25,2026-01-09 22:14:02+00:00,ok
2022-04-26,2026-01-09 21:56:45+00:00,ok
2022-04-27,2026-01-09 23:05:52+00:00,ok
2022-04-28,2026-01-09 20:30:35+00:00,ok
2022-04-29,2026-01-09 23:16:32+00:00,ok
2022-04-30,2026-01-09 23:15:33+00:00,ok
2022-05-01,2026-01-09 21:53:29+00:00,ok
2022-05-02,2026-01-09 21:21:44+00:00,ok
2022-05-03,2026-01-09 21:10:22+00:00,ok
2022-05-04,2026-01-09 22:53:51+00:00,ok
2022-05-05,2026-01-09 20:55:53+00:00,ok
2022-05-06,2026-01-09 20:06:46+00:00,ok
2022-05-07,2026-01-09 21:12:34+00:00,ok
2022-05-08,2026-01-09 20:10:04+00:00,ok
2022-05-09,2026-01-09 20:46:45+00:00,ok
2022-05-10,2026-01-09 22:18:02+00:00,ok
2022-05-11,2026-01-09 21:27:17+00:00,ok
2022-05-12,2026-01-09 22:05:45+00:00,ok
2022-05-13,2026-01-09 21:43:46+00:00,ok
2022-05-14,2026-01-09 22:01:04+00:00,ok
2022-05-15,2026-01-09 19:46:53+00:00,ok
2022-05-16,2026-01-09 22:38:40+00:00,ok
2022-05-17,2026-01-09 23:33:54+00:00,ok
2022-05-18,2026-01-09 23:00:45+00:00,ok
2022-05-19,2026-01-09 22:20:41+00:00,ok
2022-05-20,2026-01-09 22:19:29+00:00,ok
2022-05-21,2026-01-09 19:49:25+00:00,ok
2022-05-22,2026-01-09 21:10:16+00:00,ok
2022-05-23,2026-01-09 20:57:49+00:00,ok
2022-05-24,2026-01-09 22:34:32+00:00,ok
2022-05-25,2026-01-09 20:01:46+00:00,ok
2022-05-26,2026-01-09 20:58:47+00:00,ok
2022-05-27,2026-01-09 21:22:53+00:00,ok
2022-05-28,2026-01-09 20:11:42+00:00,ok
2022-05-29,2026-01-09 23:16:07+00:00,ok
2022-05-30,2026-01-09 20:42:05+00:00,ok
2022-05-31,2026-01-09 23:11:37+00:00,ok
2022-06-01,2026-01-09 19:41:45+00:00,ok
2022-06-02,2026-01-09 21:54:30+00:00,ok
2022-06-03,2026-01-09 23:24:48+00:00,ok
2022-06-04,2026-01-09 21:34:09+00:00,ok
2022-06-05,2026-01-09 20:57:53+00:00,ok
2022-06-06,2026-01-09 20:46:24+00:00,ok
2022-06-07,2026-01-09 22:58:14+00:00,ok
2022-06-08,2026-01-09 19:59:38+00:00,ok
2022-06-09,2026-01-09 22:16:38+00:00,ok
2022-06-10,2026-01-09 21:25:16+00:00,ok
2022-06-11,2026-01-09 23:12:11+00:00,ok
2022-06-12,2026-01-09 21:45:55+00:00,ok
2022-06-13,2026-01-09 21:30:25+00:00,ok
2022-06-14,2026-01-09 22:24:04+00:00,ok
2022-06-15,2026-01-09 23:28:20+00:00,ok
2022-06-16,2026-01-09 21:42:16+00:00,ok
2022-06-17,2026-01-09 20:59:28+00:00,ok
2022-06-18,2026-01-09 21:41:13+00:00,ok
2022-06-19,2026-01-09 19:48:28+00:00,ok
2022-06-20,2026-01-09 20:11:38+00:00,ok
2022-06-21,2026-01-09 19:55:30+00:00,ok
2022-06-22,2026-01-09 20:33:50+00:00,ok
2022-06-23,2026-01-09 20:05:07+00:00,ok
2022-06-24,2026-01-09 23:07:06+00:00,ok
2022-06-25,2026-01-09 23:18:29+00:00,ok
2022-06-26,2026-01-09 19:58:46+00:00,ok
2022-06-27,2026-01-09 20:36:37+00:00,ok
2022-06-28,2026-01-09 22:21:03+00:00,ok
2022-06-29,2026-01-09 22:44:09+00:00,ok
2022-06-30,2026-01-09 22:57:58+00:00,ok
2022-07-01,2026-01-09 21:31:53+00:00,ok
2022-07-02,2026-01-09 20:54:25+00:00,ok
2022-07-03,2026-01-09 22:29:03+00:00,ok
2022-07-04,2026-01-09 21:23:44+00:00,ok
2022-07-05,2026-01-09 23:28:49+00:00,ok
2022-07-06,2026-01-09 23:23:32+00:00,ok
2022-07-07,2026-01-09 23:31:28+00:00,ok
2022-07-08,2026-01-09 22:47:28+00:00,ok
2022-07-09,2026-01-09 22:49:22+00:00,ok
2022-07-10,2026-01-09 23:35:56+00:00,ok
2022-07-11,2026-01-09 22:12:18+00:00,ok
2022-07-12,2026-01-09 22:13:08+00:00,ok
2022-07-13,2026-01-09 19:45:55+00:00,ok
2022-07-14,2026-01-09 20:48:41+00:00,ok
2022-07-15,2026-01-09 22:37:20+00:00,ok
2022-07-16,2026-01-09 20:13:05+00:00,ok
2022-07-17,2026-01-09 23:11:28+00:00,ok
2022-07-18,2026-01-09 23:14:12+00:00,ok
2022-07-19,2026-01-09 20:49:07+00:00,ok
2022-07-20,2026-01-09 21:57:11+00:00,ok
2022-07-21,2026-01-09 22:42:02+00:00,ok
2022-07-22,2026-01-09 20:32:07+00:00,ok
2022-07-23,2026-01-09 20:58:52+00:00,ok
2022-07-24,2026-01-09 21:06:18+00:00,ok
2022-07-25,2026-01-09 22:48:04+00:00,ok
2022-07-26,2026-01-09 23:09:49+00:00,ok
2022-07-27,2026-01-09 20:51:28+00:00,ok
2022-07-28,2026-01-09 22:36:59+00:00,ok
2022-07-29,2026-01-09 19:50:08+00:00,ok
2022-07-30,2026-01-09 23:24:27+00:00,ok
2022-07-31,2026-01-09 23:08:28+00:00,ok
2022-08-01,2026-01-09 21:38:10+00:00,ok
2022-08-02,2026-01-09 23:01:49+00:00,ok
2022-08-03,2026-01-09 22:31:15+00:00,ok
2022-08-04,2026-01-09 19:42:55+00:00,ok
2022-08-05,2026-01-09 20:30:08+00:00,ok
2022-08-06,2026-01-09 21:50:15+00:00,ok
2022-08-07,2026-01-09 20:52:37+00:00,ok
2022-08-08,2026-01-09 21:27:23+00:00,ok
2022-08-09,2026-01-09 21:00:50+00:00,ok
2022-08-10,2026-01-09 21:02:48+00:00,ok
2022-08-11,2026-01-09 20:34:12+00:00,ok
2022-08-12,2026-01-09 23:15:51+00:00,ok
2022-08-13,2026-01-09 22:01:42+00:00,ok
2022-08-14,2026-01-09 23:04:40+00:00,ok
2022-08-15,2026-01-09 20:57:30+00:00,ok
2022-08-16,2026-01-09 19:56:49+00:00,ok
2022-08-17,2026-01-09 23:31:10+00:00,ok
2022-08-18,2026-01-09 20:16:04+00:00,ok
2022-08-19,2026-01-09 20:27:25+00:00,ok
2022-08-20,2026-01-09 20:51:53+00:00,ok
2022-08-21,2026-01-09 21:51:13+00:00,ok
2022-08-22,2026-01-09 20:50:37+00:00,ok
2022-08-23,2026-01-09 22:09:12+00:00,ok
2022-08-24,2026-01-09 20:55:34+00:00,ok
2022-08-25,2026-01-09 22:05:51+00:00,ok
2022-08-26,2026-01-09 23:14:38+00:00,ok
2022-08-27,2026-01-09 22:32:43+00:00,ok
2022-08-28,2026-01-09 21:46:00+00:00,ok
2022-08-29,2026-01-09 20:55:46+00:00,ok
2022-08-30,2026-01-09 22:24:09+00:00,ok
2022-08-31,2026-01-09 22:09:26+00:00,ok
2022-09-01,2026-01-09 22:22:40+00:00,ok
2022-09-02,2026-01-09 20:43:01+00:00,ok
2022-09-03,2026-01-09 20:28:42+00:00,ok
2022-09-04,2026-01-09 23:04:51+00:00,ok
2022-09-05,2026-01-09 23:04:08+00:00,ok
2022-09-06,2026-01-09 20:00:17+00:00,ok
2022-09-07,2026-01-09 21:11:19+00:00,ok
2022-09-08,2026-01-09 23:06:20+00:00,ok
2022-09-09,2026-01-09 19:58:51+00:00,ok
2022-09-10,2026-01-09 23:29:08+00:00,ok
2022-09-11,2026-01-09 22:32:32+00:00,ok
2022-09-12,2026-01-09 19:54:34+00:00,ok
2022-09-13,2026-01-09 23:31:22+00:00,ok
2022-09-14,2026-01-09 23:04:03+00:00,ok
2022-09-15,2026-01-09 20:51:47+00:00,ok
2022-09-16,2026-01-09 20:42:35+00:00,ok
2022-09-17,2026-01-09 20:46:14+00:00,ok
2022-09-18,2026-01-09 22:40:37+00:00,ok
2022-09-19,2026-01-09 20:05:13+00:00,ok
2022-09-20,2026-01-09 23:22:53+00:00,ok
2022-09-21,2026-01-09 20:37:38+00:00,ok
2022-09-22,2026-01-09 23:02:02+00:00,ok
2022-09-23,2026-01-09 19:47:55+00:00,ok
2022-09-24,2026-01-09 23:24:03+00:00,ok
2022-09-25,2026-01-09 22:17:00+00:00,ok
2022-09-26,2026-01-09 22:46:53+00:00,ok
2022-09-27,2026-01-09 21:25:58+00:00,ok
2022-09-28,2026-01-09 21:49:39+00:00,ok
2022-09-29,2026-01-09 19:51:03+00:00,ok
2022-09-30,2026-01-09 21:53:05+00:00,ok
2022-10-01,2026-01-09 23:05:01+00:00,ok
2022-10-02,2026-01-09 21:02:07+00:00,ok
2022-10-03,2026-01-09 19:58:25+00:00,ok
2022-10-04,2026-01-09 22:52:35+00:00,ok
2022-10-05,2026-01-09 22:23:52+00:00,ok
2022-10-06,2026-01-09 22:51:47+00:00,ok
2022-10-07,2026-01-09 23:01:30+00:00,ok
2022-10-08,2026-01-09 20:17:58+00:00,ok
2022-10-09,2026-01-09 22:03:09+00:00,ok
2022-10-10,2026-01-09 20:54:05+00:00,ok
2022-10-11,2026-01-09 21:20:51+00:00,ok
2022-10-12,2026-01-09 20:06:27+00:00,ok
2022-10-13,2026-01-09 21:49:14+00:00,ok
2022-10-14,2026-01-09 19:50:21+00:00,ok
2022-10-15,2026-01-09 21:06:30+00:00,ok
2022-10-16,2026-01-09 23:32:13+00:00,ok
2022-10-17,2026-01-09 19:44:11+00:00,ok
2022-10-18,2026-01-09 20:38:39+00:00,ok
2022-10-19,2026-01-09 23:03:26+00:00,ok
2022-10-20,2026-01-09 22:28:33+00:00,ok
2022-10-21,2026-01-09 23:27:00+00:00,ok
2022-10-22,2026-01-09 19:49:58+00:00,ok
2022-10-23,2026-01-09 22:51:34+00:00,ok
2022-10-24,2026-01-09 21:57:05+00:00,ok
2022-10-25,2026-01-09 21:18:53+00:00,ok
2022-10-26,2026-01-09 21:50:09+00:00,ok
2022-10-27,2026-01-09 21:48:25+00:00,ok
2022-10-28,2026-01-09 20:30:21+00:00,ok
2022-10-29,2026-01-09 22:44:54+00:00,ok
2022-10-30,2026-01-09 19:40:48+00:00,ok
2022-10-31,2026-01-09 23:30:07+00:00,ok
2022-11-01,2026-01-09 20:08:28+00:00,ok
2022-11-02,2026-01-09 19:45:48+00:00,ok
2022-11-03,2026-01-09 22:33:51+00:00,ok
2022-11-04,2026-01-09 20:11:12+00:00,ok
2022-11-05,2026-01-09 19:57:07+00:00,ok
2022-11-06,2026-01-09 20:33:15+00:00,ok
2022-11-07,2026-01-09 23:03:07+00:00,ok
2022-11-08,2026-01-09 20:18:38+00:00,ok
2022-11-09,2026-01-09 21:44:22+00:00,ok
2022-11-10,2026-01-09 21:36:56+00:00,ok
2022-11-11,2026-01-09 21:24:08+00:00,ok
2022-11-12,2026-01-09 20:32:49+00:00,ok
2022-11-13,2026-01-09 22:27:12+00:00,ok
2022-11-14,2026-01-09 20:49:01+00:00,ok
2022-11-15,2026-01-09 20:21:15+00:00,ok
2022-11-16,2026-01-09 22:11:00+00:00,ok
2022-11-17,2026-01-09 22:31:59+00:00,ok
2022-11-18,2026-01-09 21:38:43+00:00,ok
2022-11-19,2026-01-09 21:30:38+00:00,ok
2022-11-20,2026-01-09 22:32:48+00:00,ok
2022-11-21,2026-01-09 20:26:19+00:00,ok
2022-11-22,2026-01-09 21:20:03+00:00,ok
2022-11-23,2026-01-09 22:06:16+00:00,ok
2022-11-24,2026-01-09 21:32:35+00:00,ok
2022-11-25,2026-01-09 22:46:25+00:00,ok
2022-11-26,2026-01-09 23:19:33+00:00,ok
2022-11-27,2026-01-09 22:32:38+00:00,ok
2022-11-28,2026-01-09 21:33:18+00:00,ok
2022-11-29,2026-01-09 20:22:38+00:00,ok
2022-11-30,2026-01-09 20:47:38+00:00,ok
2022-12-01,2026-01-09 20:03:23+00:00,ok
2022-12-02,2026-01-09 21:47:13+00:00,ok
2022-12-03,2026-01-09 20:59:20+00:00,ok
2022-12-04,2026-01-09 21:51:18+00:00,ok
2022-12-05,2026-01-09 19:55:17+00:00,ok
2022-12-06,2026-01-09 20:15:12+00:00,ok
2022-12-07,2026-01-09 21:34:49+00:00,ok
2022-12-08,2026-01-09 20:40:10+00:00,ok
2022-12-09,2026-01-09 23:36:57+00:00,ok
2022-12-10,2026-01-09 23:22:23+00:00,ok
2022-12-11,2026-01-09 22:20:01+00:00,ok
2022-12-12,2026-01-09 21:02:42+00:00,ok
2022-12-13,2026-01-09 20:32:43+00:00,ok
2022-12-14,2026-01-09 21:04:36+00:00,ok
2022-12-15,2026-01-09 20:22:31+00:00,ok
2022-12-16,2026-01-09 20:38:27+00:00,ok
2022-12-17,2026-01-09 22:12:47+00:00,ok
2022-12-18,2026-01-09 21:27:39+00:00,ok
2022-12-19,2026-01-09 21:06:59+00:00,ok
2022-12-20,2026-01-09 21:12:28+00:00,ok
2022-12-21,2026-01-09 21:54:51+00:00,ok
2022-12-22,2026-01-09 20:31:42+00:00,ok
2022-12-23,2026-01-09 21:30:32+00:00,ok
2022-12-24,2026-01-09 21:48:31+00:00,ok
2022-12-25,2026-01-09 22:16:50+00:00,ok
2022-12-26,2026-01-09 21:51:45+00:00,ok
2022-12-27,2026-01-09 21:14:28+00:00,ok
2022-12-28,2026-01-09 23:34:49+00:00,ok
2022-12-29,2026-01-09 20:20:29+00:00,ok
2022-12-30,2026-01-09 23:31:52+00:00,ok
2022-12-31,2026-01-09 22:30:19+00:00,ok
2023-01-01,2026-01-09 20:00:12+00:00,ok
2023-01-02,2026-01-09 20:15:18+00:00,ok
2023-01-03,2026-01-09 19:52:21+00:00,ok
2023-01-04,2026-01-09 23:31:45+00:00,ok
2023-01-05,2026-01-09 22:49:57+00:00,ok
2023-01-06,2026-01-09 21:07:11+00:00,ok
2023-01-07,2026-01-09 22:46:40+00:00,ok
2023-01-08,2026-01-09 21:47:22+00:00,ok
2023-01-09,2026-01-09 22:59:17+00:00,ok
2023-01-10,2026-01-09 21:18:58+00:00,ok
2023-01-11,2026-01-09 21:49:33+00:00,ok
2023-01-12,2026-01-09 20:34:00+00:00,ok
2023-01-13,2026-01-09 22:17:56+00:00,ok
2023-01-14,2026-01-09 21:58:41+00:00,ok
2023-01-15,2026-01-09 23:03:51+00:00,ok
2023-01-16,2026-01-09 21:54:45+00:00,ok
2023-01-17,2026-01-09 23:28:09+00:00,ok
2023-01-18,2026-01-09 22:26:42+00:00,ok
2023-01-19,2026-01-09 22:01:24+00:00,ok
2023-01-20,2026-01-09 19:57:47+00:00,ok
2023-01-21,2026-01-09 22:43:57+00:00,ok
2023-01-22,2026-01-09 21:10:05+00:00,ok
2023-01-23,2026-01-09 21:05:09+00:00,ok
2023-01-24,2026-01-09 21:46:11+00:00,ok
2023-01-25,2026-01-09 21:08:16+00:00,ok
2023-01-26,2026-01-09 22:12:27+00:00,ok
2023-01-27,2026-01-09 20:58:42+00:00,ok
2023-01-28,2026-01-09 21:25:41+00:00,ok
2023-01-29,2026-01-09 21:41:44+00:00,ok
2023-01-30,2026-01-09 22:00:22+00:00,ok
2023-01-31,2026-01-09 22:08:23+00:00,ok
2023-02-01,2026-01-09 22:26:30+00:00,ok
2023-02-02,2026-01-09 19:55:04+00:00,ok
2023-02-03,2026-01-09 21:03:33+00:00,ok
2023-02-04,2026-01-09 19:42:59+00:00,ok
2023-02-05,2026-01-09 22:36:29+00:00,ok
2023-02-06,2026-01-09 23:11:00+00:00,ok
2023-02-07,2026-01-09 21:14:08+00:00,ok
2023-02-08,2026-01-09 19:59:33+00:00,ok
2023-02-09,2026-01-09 19:55:42+00:00,ok
2023-02-10,2026-01-09 23:30:01+00:00,ok
2023-02-11,2026-01-09 20:46:04+00:00,ok
2023-02-12,2026-01-09 22:22:30+00:00,ok
2023-02-13,2026-01-09 20:42:40+00:00,ok
2023-02-14,2026-01-09 20:56:22+00:00,ok
2023-02-15,2026-01-09 23:05:17+00:00,ok
2023-02-16,2026-01-09 20:33:36+00:00,ok
2023-02-17,2026-01-09 23:37:18+00:00,ok
2023-02-18,2026-01-09 21:08:09+00:00,ok
2023-02-19,2026-01-09 22:45:06+00:00,ok
2023-02-20,2026-01-09 22:13:55+00:00,ok
2023-02-21,2026-01-09 21:07:22+00:00,ok
2023-02-22,2026-01-09 21:44:47+00:00,ok
2023-02-23,2026-01-09 21:34:05+00:00,ok
2023-02-24,2026-01-09 22:21:09+00:00,ok
2023-02-25,2026-01-09 20:24:18+00:00,ok
2023-02-26,2026-01-09 21:06:07+00:00,ok
2023-02-27,2026-01-09 20:20:43+00:00,ok
2023-02-28,2026-01-09 20:34:42+00:00,ok
2023-03-01,2026-01-09 22:45:24+00:00,ok
2023-03-02,2026-01-09 19:46:34+00:00,ok
2023-03-03,2026-01-09 20:04:43+00:00,ok
2023-03-04,2026-01-09 22:14:58+00:00,ok
2023-03-05,2026-01-09 23:29:50+00:00,ok
2023-03-06,2026-01-09 20:26:37+00:00,ok
2023-03-07,2026-01-09 21:05:33+00:00,ok
2023-03-08,2026-01-09 19:50:57+00:00,ok
2023-03-09,2026-01-09 23:15:27+00:00,ok
2023-03-10,2026-01-09 22:26:55+00:00,ok
2023-03-11,2026-01-09 20:49:19+00:00,ok
2023-03-12,2026-01-09 20:49:53+00:00,ok
2023-03-13,2026-01-09 21:49:02+00:00,ok
2023-03-14,2026-01-09 19:57:53+00:00,ok
2023-03-15,2026-01-09 23:17:42+00:00,ok
2023-03-16,2026-01-09 21:14:03+00:00,ok
2023-03-17,2026-01-09 19:40:05+00:00,ok
2023-03-18,2026-01-09 21:34:44+00:00,ok
2023-03-19,2026-01-09 21:26:17+00:00,ok
2023-03-20,2026-01-09 20:27:08+00:00,ok
2023-03-21,2026-01-09 20:17:40+00:00,ok
2023-03-22,2026-01-09 20:59:40+00:00,ok
2023-03-23,2026-01-09 22:01:36+00:00,ok
2023-03-24,2026-01-09 20:43:12+00:00,ok
2023-03-25,2026-01-09 21:34:21+00:00,ok
2023-03-26,2026-01-09 22:37:55+00:00,ok
2023-03-27,2026-01-09 21:21:27+00:00,ok
2023-03-28,2026-01-09 23:27:12+00:00,ok
2023-03-29,2026-01-09 21:07:06+00:00,ok
2023-03-30,2026-01-09 20:14:06+00:00,ok
2023-03-31,2026-01-09 21:20:17+00:00,ok
2023-04-01,2026-01-09 23:11:23+00:00,ok
2023-04-02,2026-01-09 21:26:29+00:00,ok
2023-04-03,2026-01-09 20:27:31+00:00,ok
2023-04-04,2026-01-09 22:42:23+00:00,ok
2023-04-05,2026-01-09 22:35:17+00:00,ok
2023-04-06,2026-01-09 21:51:25+00:00,ok
2023-04-07,2026-01-09 21:39:17+00:00,ok
2023-04-08,2026-01-09 23:00:50+00:00,ok
2023-04-09,2026-01-09 22:55:25+00:00,ok
2023-04-10,2026-01-09 22:55:39+00:00,ok
2023-04-11,2026-01-09 20:04:54+00:00,ok
2023-04-12,2026-01-09 22:02:28+00:00,ok
2023-04-13,2026-01-09 20:15:44+00:00,ok
2023-04-14,2026-01-09 21:01:29+00:00,ok
2023-04-15,2026-01-09 21:56:37+00:00,ok
2023-04-16,2026-01-09 20:48:21+00:00,ok
2023-04-17,2026-01-09 21:58:48+00:00,ok
2023-04-18,2026-01-09 19:45:16+00:00,ok
2023-04-19,2026-01-09 21:09:55+00:00,ok
2023-04-20,2026-01-09 19:53:28+00:00,ok
2023-04-21,2026-01-09 22:23:30+00:00,ok
2023-04-22,2026-01-09 21:47:46+00:00,ok
2023-04-23,2026-01-09 20:44:08+00:00,ok
2023-04-24,2026-01-09 22:56:36+00:00,ok
2023-04-25,2026-01-09 23:15:16+00:00,ok
2023-04-26,2026-01-09 19:49:08+00:00,ok
2023-04-27,2026-01-09 22:05:07+00:00,ok
2023-04-28,2026-01-09 19:52:52+00:00,ok
2023-04-29,2026-01-09 21:55:15+00:00,ok
2023-04-30,2026-01-09 21:54:40+00:00,ok
2023-05-01,2026-01-09 22:06:22+00:00,ok
2023-05-02,2026-01-09 21:44:40+00:00,ok
2023-05-03,2026-01-09 20:21:29+00:00,ok
2023-05-04,2026-01-09 21:14:15+00:00,ok
2023-05-05,2026-01-09 23:34:29+00:00,ok
2023-05-06,2026-01-09 21:27:02+00:00,ok
2023-05-07,2026-01-09 19:46:14+00:00,ok
2023-05-08,2026-01-09 19:47:12+00:00,ok
2023-05-09,2026-01-09 20:14:37+00:00,ok
2023-05-10,2026-01-09 22:43:23+00:00,ok
2023-05-11,2026-01-09 21:15:23+00:00,ok
2023-05-12,2026-01-09 23:30:13+00:00,ok
2023-05-13,2026-01-09 20:00:22+00:00,ok
2023-05-14,2026-01-09 21:13:45+00:00,ok
2023-05-15,2026-01-09 20:55:07+00:00,ok
2023-05-16,2026-01-09 23:18:14+00:00,ok
2023-05-17,2026-01-09 21:57:35+00:00,ok
2023-05-18,2026-01-09 20:53:13+00:00,ok
2023-05-19,2026-01-09 21:42:50+00:00,ok
2023-05-20,2026-01-09 21:47:34+00:00,ok
2023-05-21,2026-01-09 21:15:17+00:00,ok
2023-05-22,2026-01-09 20:44:50+00:00,ok
2023-05-23,2026-01-09 22:27:57+00:00,ok
2023-05-24,2026-01-09 22:42:51+00:00,ok
2023-05-25,2026-01-09 22:09:52+00:00,ok
2023-05-26,2026-01-09 22:30:00+00:00,ok
2023-05-27,2026-01-09 22:54:28+00:00,ok
2023-05-28,2026-01-09 23:17:29+00:00,ok
2023-05-29,2026-01-09 22:50:03+00:00,ok
2023-05-30,2026-01-09 22:00:08+00:00,ok
2023-05-31,2026-01-09 20:31:02+00:00,ok
2023-06-01,2026-01-09 21:04:42+00:00,ok
2023-06-02,2026-01-09 22:27:01+00:00,ok
2023-06-03,2026-01-09 21:57:23+00:00,ok
2023-06-04,2026-01-09 19:47:42+00:00,ok
2023-06-05,2026-01-09 20:01:03+00:00,ok
2023-06-06,2026-01-09 21:10:12+00:00,ok
2023-06-07,2026-01-09 23:16:03+00:00,ok
2023-06-08,2026-01-09 22:22:48+00:00,ok
2023-06-09,2026-01-09 21:23:00+00:00,ok
2023-06-10,2026-01-09 23:04:13+00:00,ok
2023-06-11,2026-01-09 22:55:03+00:00,ok
2023-06-12,2026-01-09 23:35:26+00:00,ok
2023-06-13,2026-01-09 19:46:59+00:00,ok
2023-06-14,2026-01-09 19:50:50+00:00,ok
2023-06-15,2026-01-09 21:14:57+00:00,ok
2023-06-16,2026-01-09 22:03:56+00:00,ok
2023-06-17,2026-01-09 20:32:37+00:00,ok
2023-06-18,2026-01-09 22:07:59+00:00,ok
2023-06-19,2026-01-09 22:05:56+00:00,ok
2023-06-20,2026-01-09 20:10:15+00:00,ok
2023-06-21,2026-01-09 20:02:31+00:00,ok
2023-06-22,2026-01-09 23:08:34+00:00,ok
2023-06-23,2026-01-09 21:55:25+00:00,ok
2023-06-24,2026-01-09 19:59:23+00:00,ok
2023-06-25,2026-01-09 22:19:00+00:00,ok
2023-06-26,2026-01-09 19:49:21+00:00,ok
2023-06-27,2026-01-09 21:00:29+00:00,ok
2023-06-28,2026-01-09 20:14:43+00:00,ok
2023-06-29,2026-01-09 19:53:12+00:00,ok
2023-06-30,2026-01-09 22:18:33+00:00,ok
2023-07-01,2026-01-09 21:09:22+00:00,ok
2023-07-02,2026-01-09 22:15:19+00:00,ok
2023-07-03,2026-01-09 21:30:51+00:00,ok
2023-07-04,2026-01-09 21:59:40+00:00,ok
2023-07-05,2026-01-09 22:46:36+00:00,ok
2023-07-06,2026-01-09 22:41:50+00:00,ok
2023-07-07,2026-01-09 21:00:15+00:00,ok
2023-07-08,2026-01-09 23:36:30+00:00,ok
2023-07-09,2026-01-09 22:19:42+00:00,ok
2023-07-10,2026-01-09 20:57:23+00:00,ok
2023-07-11,2026-01-09 19:45:42+00:00,ok
2023-07-12,2026-01-09 21:55:31+00:00,ok
2023-07-13,2026-01-09 19:56:18+00:00,ok
2023-07-14,2026-01-09 23:32:50+00:00,ok
2023-07-15,2026-01-09 20:20:22+00:00,ok
2023-07-16,2026-01-09 20:04:08+00:00,ok
2023-07-17,2026-01-09 22:32:27+00:00,ok
2023-07-18,2026-01-09 23:16:57+00:00,ok
2023-07-19,2026-01-09 22:23:24+00:00,ok
2023-07-20,2026-01-09 20:58:07+00:00,ok
2023-07-21,2026-01-09 23:34:05+00:00,ok
2023-07-22,2026-01-09 22:30:06+00:00,ok
2023-07-23,2026-01-09 20:53:19+00:00,ok
2023-07-24,2026-01-09 21:24:31+00:00,ok
2023-07-25,2026-01-09 22:25:28+00:00,ok
2023-07-26,2026-01-09 23:10:53+00:00,ok
2023-07-27,2026-01-09 22:06:41+00:00,ok
2023-07-28,2026-01-09 23:18:24+00:00,ok
2023-07-29,2026-01-09 22:24:15+00:00,ok
2023-07-30,2026-01-09 20:26:55+00:00,ok
2023-07-31,2026-01-09 22:53:00+00:00,ok
2023-08-01,2026-01-09 23:25:41+00:00,ok
2023-08-02,2026-01-09 20:23:25+00:00,ok
2023-08-03,2026-01-09 22:22:14+00:00,ok
2023-08-04,2026-01-09 21:57:45+00:00,ok
2023-08-05,2026-01-09 20:26:25+00:00,ok
2023-08-06,2026-01-09 20:45:14+00:00,ok
2023-08-07,2026-01-09 20:22:25+00:00,ok
2023-08-08,2026-01-09 20:09:58+00:00,ok
2023-08-09,2026-01-09 20:14:30+00:00,ok
2023-08-10,2026-01-09 22:21:15+00:00,ok
2023-08-11,2026-01-09 21:18:21+00:00,ok
2023-08-12,2026-01-09 21:41:57+00:00,ok
2023-08-13,2026-01-09 21:42:02+00:00,ok
2023-08-14,2026-01-09 20:27:49+00:00,ok
2023-08-15,2026-01-09 22:05:14+00:00,ok
2023-08-16,2026-01-09 20:02:45+00:00,ok
2023-08-17,2026-01-09 20:31:09+00:00,ok
2023-08-18,2026-01-09 20:10:27+00:00,ok
2023-08-19,2026-01-09 22:21:41+00:00,ok
2023-08-20,2026-01-09 22:52:28+00:00,ok
2023-08-21,2026-01-09 19:42:04+00:00,ok
2023-08-22,2026-01-09 20:53:25+00:00,ok
2023-08-23,2026-01-09 20:46:30+00:00,ok
2023-08-24,2026-01-09 22:17:07+00:00,ok
2023-08-25,2026-01-09 21:25:36+00:00,ok
2023-08-26,2026-01-09 21:46:39+00:00,ok
2023-08-27,2026-01-09 22:59:13+00:00,ok
2023-08-28,2026-01-09 20:41:05+00:00,ok
2023-08-29,2026-01-09 22:19:36+00:00,ok
2023-08-30,2026-01-09 22:04:09+00:00,ok
2023-08-31,2026-01-09 20:43:40+00:00,ok
2023-09-01,2026-01-09 21:18:15+00:00,ok
2023-09-02,2026-01-09 21:20:45+00:00,ok
2023-09-03,2026-01-09 19:41:18+00:00,ok
2023-09-04,2026-01-09 21:01:22+00:00,ok
2023-09-05,2026-01-09 22:02:35+00:00,ok
2023-09-06,2026-01-09 21:43:09+00:00,ok
2023-09-07,2026-01-09 21:16:35+00:00,ok
2023-09-08,2026-01-09 20:23:02+00:00,ok
2023-09-09,2026-01-09 21:44:34+00:00,ok
2023-09-10,2026-01-09 19:48:15+00:00,ok
2023-09-11,2026-01-09 21:14:40+00:00,ok
2023-09-12,2026-01-09 22:59:07+00:00,ok
2023-09-13,2026-01-09 22:28:58+00:00,ok
2023-09-14,2026-01-09 21:22:02+00:00,ok
2023-09-15,2026-01-09 22:14:14+00:00,ok
2023-09-16,2026-01-09 22:15:24+00:00,ok
2023-09-17,2026-01-09 22:31:03+00:00,ok
2023-09-18,2026-01-09 20:32:26+00:00,ok
2023-09-19,2026-01-09 21:01:41+00:00,ok
2023-09-20,2026-01-09 22:23:36+00:00,ok
2023-09-21,2026-01-09 22:08:42+00:00,ok
2023-09-22,2026-01-09 22:39:40+00:00,ok
2023-09-23,2026-01-09 22:05:39+00:00,ok
2023-09-24,2026-01-09 20:56:12+00:00,ok
2023-09-25,2026-01-09 20:37:04+00:00,ok
2023-09-26,2026-01-09 20:37:17+00:00,ok
2023-09-27,2026-01-09 22:33:40+00:00,ok
2023-09-28,2026-01-09 22:51:22+00:00,ok
2023-09-29,2026-01-09 22:48:38+00:00,ok
2023-09-30,2026-01-09 20:57:03+00:00,ok
2023-10-01,2026-01-09 19:57:28+00:00,ok
2023-10-02,2026-01-09 19:41:57+00:00,ok
2023-10-03,2026-01-09 22:03:34+00:00,ok
2023-10-04,2026-01-09 21:15:53+00:00,ok
2023-10-05,2026-01-09 21:09:05+00:00,ok
2023-10-06,2026-01-09 23:28:35+00:00,ok
2023-10-07,2026-01-09 20:01:51+00:00,ok
2023-10-08,2026-01-09 22:51:08+00:00,ok
2023-10-09,2026-01-09 22:28:19+00:00,ok
2023-10-10,2026-01-09 21:05:50+00:00,ok
2023-10-11,2026-01-09 23:04:22+00:00,ok
2023-10-12,2026-01-09 22:09:57+00:00,ok
2023-10-13,2026-01-09 20:19:38+00:00,ok
2023-10-14,2026-01-09 22:48:08+00:00,ok
2023-10-15,2026-01-09 21:03:59+00:00,ok
2023-10-16,2026-01-09 20:16:42+00:00,ok
2023-10-17,2026-01-09 22:48:13+00:00,ok
2023-10-18,2026-01-09 20:26:50+00:00,ok
2023-10-19,2026-01-09 22:52:16+00:00,ok
2023-10-20,2026-01-09 19:42:25+00:00,ok
2023-10-21,2026-01-09 22:28:44+00:00,ok
2023-10-22,2026-01-09 22:56:55+00:00,ok
2023-10-23,2026-01-09 22:18:55+00:00,ok
2023-10-24,2026-01-09 21:33:51+00:00,ok
2023-10-25,2026-01-09 21:59:01+00:00,ok
2023-10-26,2026-01-09 20:07:53+00:00,ok
2023-10-27,2026-01-09 20:11:55+00:00,ok
2023-10-28,2026-01-09 22:25:08+00:00,ok
2023-10-29,2026-01-09 21:54:56+00:00,ok
2023-10-30,2026-01-09 20:41:22+00:00,ok
2023-10-31,2026-01-09 22:07:03+00:00,ok
2023-11-01,2026-01-09 23:09:21+00:00,ok
2023-11-02,2026-01-09 22:06:56+00:00,ok
2023-11-03,2026-01-09 19:43:44+00:00,ok
2023-11-04,2026-01-09 20:36:04+00:00,ok
2023-11-05,2026-01-09 21:26:44+00:00,ok
2023-11-06,2026-01-09 20:10:47+00:00,ok
2023-11-07,2026-01-09 22:18:43+00:00,ok
2023-11-08,2026-01-09 19:43:34+00:00,ok
2023-11-09,2026-01-09 22:50:56+00:00,ok
2023-11-10,2026-01-09 21:03:52+00:00,ok
2023-11-11,2026-01-09 20:27:59+00:00,ok
2023-11-12,2026-01-09 22:10:54+00:00,ok
2023-11-13,2026-01-09 23:22:40+00:00,ok
2023-11-14,2026-01-09 20:32:54+00:00,ok
2023-11-15,2026-01-09 23:26:05+00:00,ok
2023-11-16,2026-01-09 20:57:09+00:00,ok
2023-11-17,2026-01-09 23:10:47+00:00,ok
2023-11-18,2026-01-09 19:38:56+00:00,ok
2023-11-19,2026-01-09 20:48:55+00:00,ok
2023-11-20,2026-01-09 23:09:07+00:00,ok
2023-11-21,2026-01-09 19:50:28+00:00,ok
2023-11-22,2026-01-09 21:59:27+00:00,ok
2023-11-23,2026-01-09 20:34:06+00:00,ok
2023-11-24,2026-01-09 21:29:44+00:00,ok
2023-11-25,2026-01-09 22:34:13+00:00,ok
2023-11-26,2026-01-09 20:30:15+00:00,ok
2023-11-27,2026-01-09 23:32:03+00:00,ok
2023-11-28,2026-01-09 22:44:14+00:00,ok
2023-11-29,2026-01-09 21:35:32+00:00,ok
2023-11-30,2026-01-09 21:15:58+00:00,ok
2023-12-01,2026-01-09 22:16:55+00:00,ok
2023-12-02,2026-01-09 20:04:47+00:00,ok
2023-12-03,2026-01-09 19:41:13+00:00,ok
2023-12-04,2026-01-09 20:35:47+00:00,ok
2023-12-05,2026-01-09 21:02:36+00:00,ok
2023-12-06,2026-01-09 23:06:09+00:00,ok
2023-12-07,2026-01-09 20:36:17+00:00,ok
2023-12-08,2026-01-09 22:04:16+00:00,ok
2023-12-09,2026-01-09 22:11:13+00:00,ok
2023-12-10,2026-01-09 23:22:58+00:00,ok
2023-12-11,2026-01-09 22:02:22+00:00,ok
2023-12-12,2026-01-09 22:30:33+00:00,ok
2023-12-13,2026-01-09 22:50:16+00:00,ok
2023-12-14,2026-01-09 20:20:18+00:00,ok
2023-12-15,2026-01-09 20:03:48+00:00,ok
2023-12-16,2026-01-09 20:35:28+00:00,ok
2023-12-17,2026-01-09 19:39:16+00:00,ok
2023-12-18,2026-01-09 23:16:18+00:00,ok
2023-12-19,2026-01-09 20:43:19+00:00,ok
2023-12-20,2026-01-09 20:27:55+00:00,ok
2023-12-21,2026-01-09 21:44:02+00:00,ok
2023-12-22,2026-01-09 22:35:10+00:00,ok
2023-12-23,2026-01-09 19:41:51+00:00,ok
2023-12-24,2026-01-09 20:04:17+00:00,ok
2023-12-25,2026-01-09 22:39:34+00:00,ok
2023-12-26,2026-01-09 21:29:21+00:00,ok
2023-12-27,2026-01-09 22:45:01+00:00,ok
2023-12-28,2026-01-09 23:35:51+00:00,ok
2023-12-29,2026-01-09 22:59:24+00:00,ok
2023-12-30,2026-01-09 20:07:46+00:00,ok
2023-12-31,2026-01-09 22:58:33+00:00,ok
2024-01-01,2026-01-09 22:02:41+00:00,ok
2024-01-02,2026-01-09 21:36:11+00:00,ok
2024-01-03,2026-01-09 19:39:38+00:00,ok
2024-01-04,2026-01-09 21:31:40+00:00,ok
2024-01-05,2026-01-09 21:39:42+00:00,ok
2024-01-06,2026-01-09 20:28:11+00:00,ok
2024-01-07,2026-01-09 19:46:08+00:00,ok
2024-01-08,2026-01-09 23:12:08+00:00,ok
2024-01-09,2026-01-09 22:50:27+00:00,ok
2024-01-10,2026-01-09 20:56:16+00:00,ok
2024-01-11,2026-01-09 23:30:18+00:00,ok
2024-01-12,2026-01-09 20:09:04+00:00,ok
2024-01-13,2026-01-09 21:39:10+00:00,ok
2024-01-14,2026-01-09 21:06:01+00:00,ok
2024-01-15,2026-01-09 20:10:59+00:00,ok
2024-01-16,2026-01-09 21:00:00+00:00,ok
2024-01-17,2026-01-09 22:23:40+00:00,ok
2024-01-18,2026-01-09 20:13:21+00:00,ok
2024-01-19,2026-01-09 23:05:55+00:00,ok
2024-01-20,2026-01-09 22:04:19+00:00,ok
2024-01-21,2026-01-09 22:31:33+00:00,ok
2024-01-22,2026-01-09 20:59:23+00:00,ok
2024-01-23,2026-01-09 21:04:23+00:00,ok
2024-01-24,2026-01-09 19:50:01+00:00,ok
2024-01-25,2026-01-09 21:03:55+00:00,ok
2024-01-26,2026-01-09 23:36:05+00:00,ok
2024-01-27,2026-01-09 22:12:21+00:00,ok
2024-01-28,2026-01-09 20:04:11+00:00,ok
2024-01-29,2026-01-09 20:03:42+00:00,ok
2024-01-30,2026-01-09 22:41:56+00:00,ok
2024-01-31,2026-01-09 23:05:30+00:00,ok
2024-02-01,2026-01-09 23:03:01+00:00,ok
2024-02-02,2026-01-09 21:41:51+00:00,ok
2024-02-03,2026-01-09 21:09:28+00:00,ok
2024-02-04,2026-01-09 20:10:10+00:00,ok
2024-02-05,2026-01-09 22:01:17+00:00,ok
2024-02-06,2026-01-09 21:04:13+00:00,ok
2024-02-07,2026-01-09 22:57:20+00:00,ok
2024-02-08,2026-01-09 20:28:57+00:00,ok
2024-02-09,2026-01-09 23:21:21+00:00,ok
2024-02-10,2026-01-09 20:04:36+00:00,ok
2024-02-11,2026-01-09 20:30:48+00:00,ok
2024-02-12,2026-01-09 20:15:51+00:00,ok
2024-02-13,2026-01-09 22:58:09+00:00,ok
2024-02-14,2026-01-09 20:57:44+00:00,ok
2024-02-15,2026-01-09 23:23:52+00:00,ok
2024-02-16,2026-01-09 22:11:27+00:00,ok
2024-02-17,2026-01-09 21:58:12+00:00,ok
2024-02-18,2026-01-09 22:20:06+00:00,ok
2024-02-19,2026-01-09 22:35:54+00:00,ok
2024-02-20,2026-01-09 20:21:35+00:00,ok
2024-02-21,2026-01-09 21:26:10+00:00,ok
2024-02-22,2026-01-09 20:40:04+00:00,ok
2024-02-23,2026-01-09 20:13:11+00:00,ok
2024-02-24,2026-01-09 21:19:49+00:00,ok
2024-02-25,2026-01-09 20:59:08+00:00,ok
2024-02-26,2026-01-09 22:34:54+00:00,ok
2024-02-27,2026-01-09 20:42:01+00:00,ok
2024-02-28,2026-01-09 23:15:56+00:00,ok
2024-02-29,2026-01-09 21:11:24+00:00,ok
2024-03-01,2026-01-09 20:47:51+00:00,ok
2024-03-02,2026-01-09 21:31:09+00:00,ok
2024-03-03,2026-01-09 21:23:54+00:00,ok
2024-03-04,2026-01-09 22:07:20+00:00,ok
2024-03-05,2026-01-09 20:56:43+00:00,ok
2024-03-06,2026-01-09 20:50:23+00:00,ok
2024-03-07,2026-01-09 22:18:13+00:00,ok
2024-03-08,2026-01-09 21:24:13+00:00,ok
2024-03-09,2026-01-09 20:46:10+00:00,ok
2024-03-10,2026-01-09 21:05:38+00:00,ok
2024-03-11,2026-01-09 21:15:48+00:00,ok
2024-03-12,2026-01-09 23:08:55+00:00,ok
2024-03-13,2026-01-09 23:13:38+00:00,ok
2024-03-14,2026-01-09 23:37:45+00:00,ok
2024-03-15,2026-01-09 22:23:13+00:00,ok
2024-03-16,2026-01-09 21:42:22+00:00,ok
2024-03-17,2026-01-09 21:38:57+00:00,ok
2024-03-18,2026-01-09 21:18:47+00:00,ok
2024-03-19,2026-01-09 20:25:49+00:00,ok
2024-03-20,2026-01-09 21:02:54+00:00,ok
2024-03-21,2026-01-09 22:49:52+00:00,ok
2024-03-22,2026-01-09 23:17:48+00:00,ok
2024-03-23,2026-01-09 21:05:44+00:00,ok
2024-03-24,2026-01-09 20:46:01+00:00,ok
2024-03-25,2026-01-09 19:48:09+00:00,ok
2024-03-26,2026-01-09 19:58:58+00:00,ok
2024-03-27,2026-01-09 22:53:14+00:00,ok
2024-03-28,2026-01-09 20:14:50+00:00,ok
2024-03-29,2026-01-09 23:00:27+00:00,ok
2024-03-30,2026-01-09 23:05:41+00:00,ok
2024-03-31,2026-01-09 20:18:43+00:00,ok
2024-04-01,2026-01-09 22:31:09+00:00,ok
2024-04-02,2026-01-09 21:39:04+00:00,ok
2024-04-03,2026-01-09 22:44:23+00:00,ok
2024-04-04,2026-01-09 21:32:18+00:00,ok
2024-04-05,2026-01-09 22:02:03+00:00,ok
2024-04-06,2026-01-09 20:31:55+00:00,ok
2024-04-07,2026-01-09 20:34:35+00:00,ok
2024-04-08,2026-01-09 22:29:22+00:00,ok
2024-04-09,2026-01-09 23:35:02+00:00,ok
2024-04-10,2026-01-09 20:58:22+00:00,ok
2024-04-11,2026-01-09 20:39:58+00:00,ok
2024-04-12,2026-01-09 20:36:00+00:00,ok
2024-04-13,2026-01-09 22:34:37+00:00,ok
2024-04-14,2026-01-09 21:13:33+00:00,ok
2024-04-15,2026-01-09 22:23:18+00:00,ok
2024-04-16,2026-01-09 20:10:42+00:00,ok
2024-04-17,2026-01-09 20:06:32+00:00,ok
2024-04-18,2026-01-09 22:55:46+00:00,ok
2024-04-19,2026-01-09 22:26:35+00:00,ok
2024-04-20,2026-01-09 21:10:49+00:00,ok
2024-04-21,2026-01-09 19:42:41+00:00,ok
2024-04-22,2026-01-09 20:06:21+00:00,ok
2024-04-23,2026-01-09 20:17:33+00:00,ok
2024-04-24,2026-01-09 21:13:51+00:00,ok
2024-04-25,2026-01-09 20:39:16+00:00,ok
2024-04-26,2026-01-09 20:43:46+00:00,ok
2024-04-27,2026-01-09 21:42:44+00:00,ok
2024-04-28,2026-01-09 21:09:59+00:00,ok
2024-04-29,2026-01-09 23:10:34+00:00,ok
2024-04-30,2026-01-09 20:05:52+00:00,ok
2024-05-01,2026-01-09 22:06:02+00:00,ok
2024-05-02,2026-01-09 20:28:30+00:00,ok
2024-05-03,2026-01-09 20:59:55+00:00,ok
2024-05-04,2026-01-09 22:13:37+00:00,ok
2024-05-05,2026-01-09 20:49:14+00:00,ok
2024-05-06,2026-01-09 23:02:41+00:00,ok
2024-05-07,2026-01-09 22:57:36+00:00,ok
2024-05-08,2026-01-09 23:12:32+00:00,ok
2024-05-09,2026-01-09 19:38:35+00:00,ok
2024-05-10,2026-01-09 20:08:59+00:00,ok
2024-05-11,2026-01-09 20:51:59+00:00,ok
2024-05-12,2026-01-09 21:29:55+00:00,ok
2024-05-13,2026-01-09 20:16:23+00:00,ok
2024-05-14,2026-01-09 21:17:03+00:00,ok
2024-05-15,2026-01-09 21:20:58+00:00,ok
2024-05-16,2026-01-09 23:22:29+00:00,ok
2024-05-17,2026-01-09 21:43:02+00:00,ok
2024-05-18,2026-01-09 19:44:17+00:00,ok
2024-05-19,2026-01-09 20:39:27+00:00,ok
2024-05-20,2026-01-09 23:00:08+00:00,ok
2024-05-21,2026-01-09 23:32:57+00:00,ok
2024-05-22,2026-01-09 20:53:42+00:00,ok
2024-05-23,2026-01-09 21:28:24+00:00,ok
2024-05-24,2026-01-09 23:20:32+00:00,ok
2024-05-25,2026-01-09 23:21:39+00:00,ok
2024-05-26,2026-01-09 23:02:14+00:00,ok
2024-05-27,2026-01-09 21:21:31+00:00,ok
2024-05-28,2026-01-09 22:06:51+00:00,ok
2024-05-29,2026-01-09 21:29:14+00:00,ok
2024-05-30,2026-01-09 23:15:38+00:00,ok
2024-05-31,2026-01-09 19:54:00+00:00,ok
2024-06-01,2026-01-09 19:49:01+00:00,ok
2024-06-02,2026-01-09 21:07:26+00:00,ok
2024-06-03,2026-01-09 23:04:27+00:00,ok
2024-06-04,2026-01-09 20:51:15+00:00,ok
2024-06-05,2026-01-09 22:39:07+00:00,ok
2024-06-06,2026-01-09 22:28:14+00:00,ok
2024-06-07,2026-01-09 22:01:30+00:00,ok
2024-06-08,2026-01-09 23:29:37+00:00,ok
2024-06-09,2026-01-09 21:55:56+00:00,ok
2024-06-10,2026-01-09 22:09:07+00:00,ok
2024-06-11,2026-01-09 23:09:00+00:00,ok
2024-06-12,2026-01-09 22:10:21+00:00,ok
2024-06-13,2026-01-09 20:45:40+00:00,ok
2024-06-14,2026-01-09 23:11:44+00:00,ok
2024-06-15,2026-01-09 20:22:49+00:00,ok
2024-06-16,2026-01-09 22:58:49+00:00,ok
2024-06-17,2026-01-09 22:07:39+00:00,ok
2024-06-18,2026-01-09 23:24:09+00:00,ok
2024-06-19,2026-01-09 21:49:28+00:00,ok
2024-06-20,2026-01-09 19:43:14+00:00,ok
2024-06-21,2026-01-09 23:03:13+00:00,ok
2024-06-22,2026-01-09 19:48:52+00:00,ok
2024-06-23,2026-01-09 23:07:42+00:00,ok
2024-06-24,2026-01-09 20:22:56+00:00,ok
2024-06-25,2026-01-09 20:34:17+00:00,ok
2024-06-26,2026-01-09 21:37:08+00:00,ok
2024-06-27,2026-01-09 23:04:46+00:00,ok
2024-06-28,2026-01-09 20:44:25+00:00,ok
2024-06-29,2026-01-09 20:43:50+00:00,ok
2024-06-30,2026-01-09 20:05:39+00:00,ok
2024-07-01,2026-01-09 22:15:57+00:00,ok
2024-07-02,2026-01-09 22:28:27+00:00,ok
2024-07-03,2026-01-09 20:30:29+00:00,ok
2024-07-04,2026-01-09 19:39:11+00:00,ok
2024-07-05,2026-01-09 23:02:49+00:00,ok
2024-07-06,2026-01-09 19:39:44+00:00,ok
2024-07-07,2026-01-09 21:49:08+00:00,ok
2024-07-08,2026-01-09 21:13:41+00:00,ok
2024-07-09,2026-01-09 21:29:08+00:00,ok
2024-07-10,2026-01-09 22:50:10+00:00,ok
2024-07-11,2026-01-09 20:18:17+00:00,ok
2024-07-12,2026-01-09 20:24:45+00:00,ok
2024-07-13,2026-01-09 22:24:20+00:00,ok
2024-07-14,2026-01-09 21:15:41+00:00,ok
2024-07-15,2026-01-09 20:58:29+00:00,ok
2024-07-16,2026-01-09 22:44:04+00:00,ok
2024-07-17,2026-01-09 21:28:54+00:00,ok
2024-07-18,2026-01-09 22:55:14+00:00,ok
2024-07-19,2026-01-09 22:48:57+00:00,ok
2024-07-20,2026-01-09 21:04:29+00:00,ok
2024-07-21,2026-01-09 20:01:33+00:00,ok
2024-07-22,2026-01-09 20:20:36+00:00,ok
2024-07-23,2026-01-09 21:18:08+00:00,ok
2024-07-24,2026-01-09 21:55:03+00:00,ok
2024-07-25,2026-01-09 21:12:08+00:00,ok
2024-07-26,2026-01-09 20:31:49+00:00,ok
2024-07-27,2026-01-09 23:18:35+00:00,ok
2024-07-28,2026-01-09 21:47:56+00:00,ok
2024-07-29,2026-01-09 22:42:17+00:00,ok
2024-07-30,2026-01-09 23:09:15+00:00,ok
2024-07-31,2026-01-09 19:42:19+00:00,ok
2024-08-01,2026-01-09 21:00:22+00:00,ok
2024-08-02,2026-01-09 21:35:59+00:00,ok
2024-08-03,2026-01-09 23:25:13+00:00,ok
2024-08-04,2026-01-09 21:05:56+00:00,ok
2024-08-05,2026-01-09 22:11:48+00:00,ok
2024-08-06,2026-01-09 22:23:59+00:00,ok
2024-08-07,2026-01-09 22:59:49+00:00,ok
2024-08-08,2026-01-09 21:08:28+00:00,ok
2024-08-09,2026-01-09 21:06:37+00:00,ok
2024-08-10,2026-01-09 23:19:15+00:00,ok
2024-08-11,2026-01-09 20:59:15+00:00,ok
2024-08-12,2026-01-09 21:23:37+00:00,ok
2024-08-13,2026-01-09 21:35:45+00:00,ok
2024-08-14,2026-01-09 21:37:35+00:00,ok
2024-08-15,2026-01-09 21:45:00+00:00,ok
2024-08-16,2026-01-09 22:51:40+00:00,ok
2024-08-17,2026-01-09 19:44:43+00:00,ok
2024-08-18,2026-01-09 23:27:57+00:00,ok
2024-08-19,2026-01-09 23:31:33+00:00,ok
2024-08-20,2026-01-09 23:07:37+00:00,ok
2024-08-21,2026-01-09 21:34:31+00:00,ok
2024-08-22,2026-01-09 19:51:40+00:00,ok
2024-08-23,2026-01-09 21:08:35+00:00,ok
2024-08-24,2026-01-09 20:22:14+00:00,ok
2024-08-25,2026-01-09 19:42:37+00:00,ok
2024-08-26,2026-01-09 20:55:13+00:00,ok
2024-08-27,2026-01-09 19:59:48+00:00,ok
2024-08-28,2026-01-09 19:38:50+00:00,ok
2024-08-29,2026-01-09 22:43:51+00:00,ok
2024-08-30,2026-01-09 21:25:09+00:00,ok
2024-08-31,2026-01-09 21:25:02+00:00,ok
2024-09-01,2026-01-09 21:16:42+00:00,ok
2024-09-02,2026-01-09 19:46:27+00:00,ok
2024-09-03,2026-01-09 21:19:25+00:00,ok
2024-09-04,2026-01-09 23:27:42+00:00,ok
2024-09-05,2026-01-09 19:40:28+00:00,ok
2024-09-06,2026-01-09 20:49:26+00:00,ok
2024-09-07,2026-01-09 22:24:57+00:00,ok
2024-09-08,2026-01-09 22:16:44+00:00,ok
2024-09-09,2026-01-09 21:04:06+00:00,ok
2024-09-10,2026-01-09 20:59:47+00:00,ok
2024-09-11,2026-01-09 20:46:38+00:00,ok
2024-09-12,2026-01-09 23:35:15+00:00,ok
2024-09-13,2026-01-09 20:06:05+00:00,ok
2024-09-14,2026-01-09 23:28:25+00:00,ok
2024-09-15,2026-01-09 23:10:15+00:00,ok
2024-09-16,2026-01-09 22:02:08+00:00,ok
2024-09-17,2026-01-09 21:39:31+00:00,ok
2024-09-18,2026-01-09 22:16:10+00:00,ok
2024-09-19,2026-01-09 23:09:32+00:00,ok
2024-09-20,2026-01-09 21:20:22+00:00,ok
2024-09-21,2026-01-09 23:24:21+00:00,ok
2024-09-22,2026-01-09 20:15:23+00:00,ok
2024-09-23,2026-01-09 22:10:34+00:00,ok
2024-09-24,2026-01-09 22:40:51+00:00,ok
2024-09-25,2026-01-09 21:23:16+00:00,ok
2024-09-26,2026-01-09 23:38:46+00:00,ok
2024-09-27,2026-01-09 22:09:40+00:00,ok
2024-09-28,2026-01-09 21:22:15+00:00,ok
2024-09-29,2026-01-09 20:55:28+00:00,ok
2024-09-30,2026-01-09 21:12:01+00:00,ok
2024-10-01,2026-01-09 20:43:33+00:00,ok
2024-10-02,2026-01-09 21:03:08+00:00,ok
2024-10-03,2026-01-09 21:21:13+00:00,ok
2024-10-04,2026-01-09 20:36:32+00:00,ok
2024-10-05,2026-01-09 23:34:35+00:00,ok
2024-10-06,2026-01-09 21:21:56+00:00,ok
2024-10-07,2026-01-09 21:23:24+00:00,ok
2024-10-08,2026-01-09 21:22:30+00:00,ok
2024-10-09,2026-01-09 23:10:04+00:00,ok
2024-10-10,2026-01-09 19:46:42+00:00,ok
2024-10-11,2026-01-09 20:49:42+00:00,ok
2024-10-12,2026-01-09 20:35:12+00:00,ok
2024-10-13,2026-01-09 21:32:47+00:00,ok
2024-10-14,2026-01-09 21:05:26+00:00,ok
2024-10-15,2026-01-09 22:47:21+00:00,ok
2024-10-16,2026-01-09 23:02:09+00:00,ok
2024-10-17,2026-01-09 22:32:12+00:00,ok
2024-10-18,2026-01-09 23:25:03+00:00,ok
2024-10-19,2026-01-09 22:19:11+00:00,ok
2024-10-20,2026-01-09 21:22:42+00:00,ok
2024-10-21,2026-01-09 21:04:56+00:00,ok
2024-10-22,2026-01-09 21:26:05+00:00,ok
2024-10-23,2026-01-09 21:45:20+00:00,ok
2024-10-24,2026-01-09 20:35:54+00:00,ok
2024-10-25,2026-01-09 22:20:36+00:00,ok
2024-10-26,2026-01-09 21:01:47+00:00,ok
2024-10-27,2026-01-09 20:01:27+00:00,ok
2024-10-28,2026-01-09 20:13:18+00:00,ok
2024-10-29,2026-01-09 21:03:48+00:00,ok
2024-10-30,2026-01-09 23:35:09+00:00,ok
2024-10-31,2026-01-09 22:16:05+00:00,ok
2024-11-01,2026-01-09 23:24:56+00:00,ok
2024-11-02,2026-01-09 20:17:05+00:00,ok
2024-11-03,2026-01-09 19:45:09+00:00,ok
2024-11-04,2026-01-09 22:20:14+00:00,ok
2024-11-05,2026-01-09 21:26:56+00:00,ok
2024-11-06,2026-01-09 19:58:41+00:00,ok
2024-11-07,2026-01-09 22:14:41+00:00,ok
2024-11-08,2026-01-09 19:43:01+00:00,empty
2024-11-09,2026-01-09 22:33:34+00:00,empty
2024-11-10,2026-01-09 20:59:10+00:00,empty
2024-11-11,2026-01-09 19:53:06+00:00,empty
2024-11-12,2026-01-09 21:22:10+00:00,ok
2024-11-13,2026-01-09 22:36:52+00:00,ok
2024-11-14,2026-01-09 19:52:45+00:00,ok
2024-11-15,2026-01-09 20:08:15+00:00,ok
2024-11-16,2026-01-09 21:59:45+00:00,ok
2024-11-17,2026-01-09 20:31:35+00:00,ok
2024-11-18,2026-01-09 21:08:04+00:00,ok
2024-11-19,2026-01-09 21:58:38+00:00,ok
2024-11-20,2026-01-09 21:07:57+00:00,empty
2024-11-21,2026-01-09 21:28:03+00:00,ok
2024-11-22,2026-01-09 19:43:57+00:00,ok
2024-11-23,2026-01-09 20:35:22+00:00,ok
2024-11-24,2026-01-09 21:54:02+00:00,ok
2024-11-25,2026-01-09 21:40:56+00:00,ok
2024-11-26,2026-01-09 21:21:50+00:00,ok
2024-11-27,2026-01-09 23:01:42+00:00,ok
2024-11-28,2026-01-09 20:27:36+00:00,ok
2024-11-29,2026-01-09 20:25:36+00:00,ok
2024-11-30,2026-01-09 23:04:56+00:00,ok
2024-12-01,2026-01-09 20:53:35+00:00,ok
2024-12-02,2026-01-09 20:20:55+00:00,ok
2024-12-03,2026-01-09 22:37:06+00:00,ok
2024-12-04,2026-01-09 22:11:41+00:00,ok
2024-12-05,2026-01-09 20:21:09+00:00,ok
2024-12-06,2026-01-09 21:09:48+00:00,ok
2024-12-07,2026-01-09 21:41:39+00:00,ok
2024-12-08,2026-01-09 20:29:24+00:00,ok
2024-12-09,2026-01-09 20:12:35+00:00,ok
2024-12-10,2026-01-09 20:29:30+00:00,ok
2024-12-11,2026-01-09 21:13:57+00:00,ok
2024-12-12,2026-01-09 23:22:18+00:00,ok
2024-12-13,2026-01-09 21:01:35+00:00,ok
2024-12-14,2026-01-09 20:57:38+00:00,empty
2024-12-15,2026-01-09 20:39:32+00:00,ok
2024-12-16,2026-01-09 21:27:34+00:00,ok
2024-12-17,2026-01-09 21:16:56+00:00,ok
2024-12-18,2026-01-09 22:13:31+00:00,ok
2024-12-19,2026-01-09 20:38:00+00:00,ok
2024-12-20,2026-01-09 20:07:34+00:00,ok
2024-12-21,2026-01-09 22:13:20+00:00,ok
2024-12-22,2026-01-09 19:40:11+00:00,ok
2024-12-23,2026-01-09 20:07:00+00:00,ok
2024-12-24,2026-01-09 20:04:04+00:00,empty
2024-12-25,2026-01-09 20:26:57+00:00,empty
2024-12-26,2026-01-09 23:24:17+00:00,empty
2024-12-27,2026-01-09 20:58:01+00:00,ok
2024-12-28,2026-01-09 22:34:20+00:00,ok
2024-12-29,2026-01-09 23:30:59+00:00,ok
2024-12-30,2026-01-09 20:42:30+00:00,ok
2024-12-31,2026-01-09 19:58:03+00:00,ok
2025-01-01,2026-01-09 20:39:05+00:00,ok
2025-01-02,2026-01-09 20:36:45+00:00,ok
2025-01-03,2026-01-09 23:01:24+00:00,ok
2025-01-04,2026-01-09 20:01:21+00:00,ok
2025-01-05,2026-01-09 22:11:34+00:00,ok
2025-01-06,2026-01-09 20:22:07+00:00,ok
2025-01-07,2026-01-09 23:02:21+00:00,ok
2025-01-08,2026-01-09 20:10:36+00:00,ok
2025-01-09,2026-01-09 20:37:54+00:00,ok
2025-01-10,2026-01-09 23:03:34+00:00,ok
2025-01-11,2026-01-09 21:39:59+00:00,ok
2025-01-12,2026-01-09 19:42:11+00:00,ok
2025-01-13,2026-01-09 21:32:30+00:00,empty
2025-01-14,2026-01-09 22:09:20+00:00,ok
2025-01-15,2026-01-09 23:26:20+00:00,ok
2025-01-16,2026-01-09 23:14:19+00:00,ok
2025-01-17,2026-01-09 21:56:11+00:00,ok
2025-01-18,2026-01-09 21:57:18+00:00,ok
2025-01-19,2026-01-09 22:27:50+00:00,ok
2025-01-20,2026-01-09 23:33:38+00:00,ok
2025-01-21,2026-01-09 22:03:16+00:00,ok
2025-01-22,2026-01-09 23:16:46+00:00,ok
2025-01-23,2026-01-09 21:38:51+00:00,ok
2025-01-24,2026-01-09 23:13:13+00:00,ok
2025-01-25,2026-01-09 23:01:02+00:00,ok
2025-01-26,2026-01-09 21:16:16+00:00,ok
2025-01-27,2026-01-09 22:33:21+00:00,ok
2025-01-28,2026-01-09 21:57:53+00:00,ok
2025-01-29,2026-01-09 22:01:49+00:00,ok
2025-01-30,2026-01-09 21:25:24+00:00,ok
2025-01-31,2026-01-09 20:05:23+00:00,ok
2025-02-01,2026-01-09 22:41:39+00:00,ok
2025-02-02,2026-01-09 22:17:14+00:00,ok
2025-02-03,2026-01-09 20:15:05+00:00,ok
2025-02-04,2026-01-09 23:26:54+00:00,ok
2025-02-05,2026-01-09 20:31:24+00:00,ok
2025-02-06,2026-01-09 22:05:33+00:00,ok
2025-02-07,2026-01-09 20:58:15+00:00,ok
2025-02-08,2026-01-09 19:51:54+00:00,ok
2025-02-09,2026-01-09 21:39:37+00:00,ok
2025-02-10,2026-01-09 21:50:34+00:00,ok
2025-02-11,2026-01-09 21:47:07+00:00,ok
2025-02-12,2026-01-09 21:30:02+00:00,ok
2025-02-13,2026-01-09 20:46:53+00:00,ok
2025-02-14,2026-01-09 21:13:10+00:00,ok
2025-02-15,2026-01-09 21:59:33+00:00,ok
2025-02-16,2026-01-09 22:45:43+00:00,ok
2025-02-17,2026-01-09 20:44:44+00:00,ok
2025-02-18,2026-01-09 21:32:00+00:00,ok
2025-02-19,2026-01-09 22:55:53+00:00,ok
2025-02-20,2026-01-09 21:58:06+00:00,ok
2025-02-21,2026-01-09 22:40:32+00:00,ok
2025-02-22,2026-01-09 22:03:28+00:00,ok
2025-02-23,2026-01-09 21:24:56+00:00,ok
2025-02-24,2026-01-09 21:59:09+00:00,ok
2025-02-25,2026-01-09 19:54:29+00:00,ok
2025-02-26,2026-01-09 19:44:57+00:00,ok
2025-02-27,2026-01-09 20:21:23+00:00,ok
2025-02-28,2026-01-09 23:04:34+00:00,ok
2025-03-01,2026-01-09 21:16:04+00:00,ok
2025-03-02,2026-01-09 22:54:22+00:00,ok
2025-03-03,2026-01-09 22:57:27+00:00,ok
2025-03-04,2026-01-09 22:12:41+00:00,ok
2025-03-05,2026-01-09 19:52:02+00:00,ok
2025-03-06,2026-01-09 22:07:34+00:00,ok
2025-03-07,2026-01-09 22:31:23+00:00,ok
2025-03-08,2026-01-09 23:29:03+00:00,ok
2025-03-09,2026-01-09 21:23:50+00:00,ok
2025-03-10,2026-01-09 21:31:17+00:00,ok
2025-03-11,2026-01-09 21:51:02+00:00,ok
2025-03-12,2026-01-09 20:27:42+00:00,ok
2025-03-13,2026-01-09 20:03:36+00:00,ok
2025-03-14,2026-01-09 21:10:45+00:00,ok
2025-03-15,2026-01-09 22:22:24+00:00,ok
2025-03-16,2026-01-09 22:30:37+00:00,ok
2025-03-17,2026-01-09 20:35:06+00:00,ok
2025-03-18,2026-01-09 21:25:30+00:00,ok
2025-03-19,2026-01-09 22:00:28+00:00,ok
2025-03-20,2026-01-09 21:04:21+00:00,ok
2025-03-21,2026-01-09 21:58:19+00:00,ok
2025-03-22,2026-01-09 22:09:46+00:00,ok
2025-03-23,2026-01-09 23:13:06+00:00,ok
2025-03-24,2026-01-09 21:00:58+00:00,ok
2025-03-25,2026-01-09 23:12:40+00:00,ok
2025-03-26,2026-01-09 23:29:44+00:00,ok
2025-03-27,2026-01-09 22:35:03+00:00,ok
2025-03-28,2026-01-09 20:00:06+00:00,ok
2025-03-29,2026-01-09 22:37:26+00:00,ok
2025-03-30,2026-01-09 21:57:59+00:00,ok
2025-03-31,2026-01-09 23:25:21+00:00,ok
2025-04-01,2026-01-09 23:26:41+00:00,ok
2025-04-02,2026-01-09 22:32:22+00:00,ok
2025-04-03,2026-01-09 19:43:08+00:00,ok
2025-04-04,2026-01-09 21:12:55+00:00,ok
2025-04-05,2026-01-09 19:39:58+00:00,ok
2025-04-06,2026-01-09 23:01:08+00:00,ok
2025-04-07,2026-01-09 23:10:23+00:00,ok
2025-04-08,2026-01-09 20:51:35+00:00,ok
2025-04-09,2026-01-09 21:40:38+00:00,ok
2025-04-10,2026-01-09 23:21:09+00:00,ok
2025-04-11,2026-01-09 20:24:12+00:00,ok
2025-04-12,2026-01-09 20:17:20+00:00,ok
2025-04-13,2026-01-09 20:54:40+00:00,ok
2025-04-14,2026-01-09 20:23:32+00:00,ok
2025-04-15,2026-01-09 20:32:20+00:00,ok
2025-04-16,2026-01-09 20:33:44+00:00,ok
2025-04-17,2026-01-09 19:40:19+00:00,ok
2025-04-18,2026-01-09 21:17:18+00:00,ok
2025-04-19,2026-01-09 21:14:22+00:00,ok
2025-04-20,2026-01-09 22:07:26+00:00,ok
2025-04-21,2026-01-09 22:38:03+00:00,ok
2025-04-22,2026-01-09 22:02:58+00:00,ok
2025-04-23,2026-01-09 22:03:24+00:00,ok
2025-04-24,2026-01-09 22:16:27+00:00,ok
2025-04-25,2026-01-09 19:57:15+00:00,ok
2025-04-26,2026-01-09 21:12:40+00:00,ok
2025-04-27,2026-01-09 20:50:57+00:00,ok
2025-04-28,2026-01-09 20:03:00+00:00,ok
2025-04-29,2026-01-09 19:57:23+00:00,ok
2025-04-30,2026-01-09 23:27:28+00:00,ok
2025-05-01,2026-01-09 20:04:03+00:00,ok
2025-05-02,2026-01-09 20:47:59+00:00,ok
2025-05-03,2026-01-09 22:27:21+00:00,ok
2025-05-04,2026-01-09 21:38:32+00:00,ok
2025-05-05,2026-01-09 20:33:23+00:00,ok
2025-05-06,2026-01-09 22:45:51+00:00,ok
2025-05-07,2026-01-09 23:07:56+00:00,ok
2025-05-08,2026-01-09 22:40:03+00:00,empty
2025-05-09,2026-01-09 22:55:33+00:00,ok
2025-05-10,2026-01-09 21:13:24+00:00,ok
2025-05-11,2026-01-09 20:58:58+00:00,ok
2025-05-12,2026-01-09 21:46:53+00:00,ok
2025-05-13,2026-01-09 20:38:59+00:00,ok
2025-05-14,2026-01-09 20:12:03+00:00,ok
2025-05-15,2026-01-09 23:06:54+00:00,ok
2025-05-16,2026-01-09 20:02:52+00:00,ok
2025-05-17,2026-01-09 19:57:40+00:00,ok
2025-05-18,2026-01-09 22:47:06+00:00,ok
2025-05-19,2026-01-09 20:35:36+00:00,ok
2025-05-20,2026-01-09 22:27:43+00:00,ok
2025-05-21,2026-01-09 21:43:35+00:00,ok
2025-05-22,2026-01-09 21:53:45+00:00,ok
2025-05-23,2026-01-09 19:56:42+00:00,ok
2025-05-24,2026-01-09 23:06:34+00:00,ok
2025-05-25,2026-01-09 20:06:39+00:00,ok
2025-05-26,2026-01-09 22:39:02+00:00,ok
2025-05-27,2026-01-09 21:57:00+00:00,ok
2025-05-28,2026-01-09 21:38:21+00:00,ok
2025-05-29,2026-01-09 20:06:16+00:00,ok
2025-05-30,2026-01-09 20:52:46+00:00,ok
2025-05-31,2026-01-09 22:35:26+00:00,ok
2025-06-01,2026-01-09 21:32:05+00:00,ok
2025-06-02,2026-01-09 20:21:53+00:00,ok
2025-06-03,2026-01-09 22:14:52+00:00,ok
2025-06-04,2026-01-09 22:36:25+00:00,ok
2025-06-05,2026-01-09 19:48:56+00:00,ok
2025-06-06,2026-01-09 22:41:33+00:00,ok
2025-06-07,2026-01-09 22:57:41+00:00,ok
2025-06-08,2026-01-09 21:24:25+00:00,ok
2025-06-09,2026-01-09 20:01:41+00:00,ok
2025-06-10,2026-01-09 21:33:25+00:00,ok
2025-06-11,2026-01-09 20:23:58+00:00,ok
2025-06-12,2026-01-09 23:13:53+00:00,ok
2025-06-13,2026-01-09 20:29:45+00:00,ok
2025-06-14,2026-01-09 21:41:03+00:00,ok
2025-06-15,2026-01-09 20:28:22+00:00,ok
2025-06-16,2026-01-09 19:39:24+00:00,ok
2025-06-17,2026-01-09 19:56:27+00:00,ok
2025-06-18,2026-01-09 19:59:06+00:00,ok
2025-06-19,2026-01-09 20:15:31+00:00,ok
2025-06-20,2026-01-09 22:47:14+00:00,ok
2025-06-21,2026-01-09 20:05:59+00:00,ok
2025-06-22,2026-01-09 22:38:36+00:00,ok
2025-06-23,2026-01-09 20:16:30+00:00,ok
2025-06-24,2026-01-09 20:16:58+00:00,ok
2025-06-25,2026-01-09 22:47:58+00:00,ok
2025-06-26,2026-01-09 22:56:43+00:00,ok
2025-06-27,2026-01-09 21:51:39+00:00,ok
2025-06-28,2026-01-09 20:29:03+00:00,ok
2025-06-29,2026-01-09 21:42:34+00:00,ok
2025-06-30,2026-01-09 21:08:48+00:00,ok
2025-07-01,2026-01-09 22:40:11+00:00,ok
2025-07-02,2026-01-09 20:09:32+00:00,ok
2025-07-03,2026-01-09 22:56:50+00:00,ok
2025-07-04,2026-01-09 20:13:29+00:00,ok
2025-07-05,2026-01-09 22:53:07+00:00,ok
2025-07-06,2026-01-09 22:12:53+00:00,ok
2025-07-07,2026-01-09 21:10:30+00:00,ok
2025-07-08,2026-01-09 23:18:48+00:00,ok
2025-07-09,2026-01-09 20:55:22+00:00,ok
2025-07-10,2026-01-09 20:41:55+00:00,ok
2025-07-11,2026-01-09 20:08:08+00:00,ok
2025-07-12,2026-01-09 21:55:19+00:00,ok
2025-07-13,2026-01-09 22:59:59+00:00,ok
2025-07-14,2026-01-09 22:36:37+00:00,ok
2025-07-15,2026-01-09 19:54:41+00:00,ok
2025-07-16,2026-01-09 21:52:00+00:00,ok
2025-07-17,2026-01-09 21:06:48+00:00,ok
2025-07-18,2026-01-09 20:12:52+00:00,ok
2025-07-19,2026-01-09 20:45:27+00:00,ok
2025-07-20,2026-01-09 23:33:03+00:00,ok
2025-07-21,2026-01-09 20:29:19+00:00,ok
2025-07-22,2026-01-09 21:16:50+00:00,ok
2025-07-23,2026-01-09 22:51:55+00:00,ok
2025-07-24,2026-01-09 22:34:07+00:00,ok
2025-07-25,2026-01-09 22:41:04+00:00,ok
2025-07-26,2026-01-09 22:06:35+00:00,ok
2025-07-27,2026-01-09 20:58:35+00:00,ok
2025-07-28,2026-01-09 23:34:43+00:00,ok
2025-07-29,2026-01-09 22:48:51+00:00,ok
2025-07-30,2026-01-09 20:01:05+00:00,empty
2025-07-31,2026-01-09 23:00:40+00:00,empty
2025-08-01,2026-01-09 21:27:10+00:00,ok
2025-08-02,2026-01-09 22:35:46+00:00,ok
2025-08-03,2026-01-09 22:38:46+00:00,ok
2025-08-04,2026-01-09 20:17:14+00:00,ok
2025-08-05,2026-01-09 20:48:49+00:00,ok
2025-08-06,2026-01-09 22:51:16+00:00,ok
2025-08-07,2026-01-09 20:01:14+00:00,ok
2025-08-08,2026-01-09 20:26:45+00:00,ok
2025-08-09,2026-01-09 21:55:09+00:00,ok
2025-08-10,2026-01-09 20:39:22+00:00,ok
2025-08-11,2026-01-09 21:00:36+00:00,ok
2025-08-12,2026-01-09 23:20:55+00:00,ok
2025-08-13,2026-01-09 20:38:08+00:00,ok
2025-08-14,2026-01-09 19:43:27+00:00,ok
2025-08-15,2026-01-09 22:51:29+00:00,ok
2025-08-16,2026-01-09 21:52:30+00:00,ok
2025-08-17,2026-01-09 22:40:18+00:00,ok
2025-08-18,2026-01-09 22:26:23+00:00,ok
2025-08-19,2026-01-09 20:42:55+00:00,ok
2025-08-20,2026-01-09 22:37:14+00:00,ok
2025-08-21,2026-01-09 23:31:41+00:00,ok
2025-08-22,2026-01-09 21:31:00+00:00,ok
2025-08-23,2026-01-09 20:40:36+00:00,ok
2025-08-24,2026-01-09 21:48:19+00:00,ok
2025-08-25,2026-01-09 21:59:53+00:00,ok
2025-08-26,2026-01-09 21:52:52+00:00,ok
2025-08-27,2026-01-09 23:36:24+00:00,empty
2025-08-28,2026-01-09 21:42:11+00:00,ok
2025-08-29,2026-01-09 20:47:32+00:00,ok
2025-08-30,2026-01-09 20:12:45+00:00,ok
2025-08-31,2026-01-09 19:39:32+00:00,ok
2025-09-01,2026-01-09 19:40:35+00:00,ok
2025-09-02,2026-01-09 23:19:03+00:00,ok
2025-09-03,2026-01-09 21:15:12+00:00,ok
2025-09-04,2026-01-09 21:47:29+00:00,ok
2025-09-05,2026-01-09 23:37:12+00:00,ok
2025-09-06,2026-01-09 23:35:38+00:00,ok
2025-09-07,2026-01-09 21:54:19+00:00,ok
2025-09-08,2026-01-09 20:19:00+00:00,ok
2025-09-09,2026-01-09 19:41:34+00:00,ok
2025-09-10,2026-01-09 21:35:53+00:00,ok
2025-09-11,2026-01-09 21:56:39+00:00,empty
2025-09-12,2026-01-09 20:00:42+00:00,ok
2025-09-13,2026-01-09 20:24:30+00:00,ok
2025-09-14,2026-01-09 22:54:16+00:00,ok
2025-09-15,2026-01-09 23:14:06+00:00,empty
2025-09-16,2026-01-09 21:46:27+00:00,ok
2025-09-17,2026-01-09 20:29:55+00:00,ok
2025-09-18,2026-01-09 22:52:49+00:00,ok
2025-09-19,2026-01-09 22:31:41+00:00,ok
2025-09-20,2026-01-09 22:44:41+00:00,ok
2025-09-21,2026-01-09 22:31:30+00:00,ok
2025-09-22,2026-01-09 22:29:42+00:00,ok
2025-09-23,2026-01-09 20:40:53+00:00,ok
2025-09-24,2026-01-09 20:08:39+00:00,ok
2025-09-25,2026-01-09 19:52:30+00:00,ok
2025-09-26,2026-01-09 23:01:16+00:00,ok
2025-09-27,2026-01-09 23:14:44+00:00,ok
2025-09-28,2026-01-09 19:49:44+00:00,ok
2025-09-29,2026-01-09 23:20:19+00:00,ok
2025-09-30,2026-01-09 23:21:58+00:00,ok
2025-10-01,2026-01-09 23:20:27+00:00,ok
2025-10-02,2026-01-09 23:16:26+00:00,ok
2025-10-03,2026-01-09 21:33:58+00:00,ok
2025-10-04,2026-01-09 20:13:42+00:00,ok
2025-10-05,2026-01-09 22:42:39+00:00,ok
2025-10-06,2026-01-09 22:52:23+00:00,ok
2025-10-07,2026-01-09 23:23:38+00:00,ok
2025-10-08,2026-01-09 21:41:28+00:00,ok
2025-10-09,2026-01-09 23:08:40+00:00,ok
2025-10-10,2026-01-09 19:40:42+00:00,ok
2025-10-11,2026-01-09 22:54:33+00:00,ok
2025-10-12,2026-01-09 21:08:22+00:00,ok
2025-10-13,2026-01-09 23:32:30+00:00,ok
2025-10-14,2026-01-09 22:54:05+00:00,ok
2025-10-15,2026-01-09 22:16:33+00:00,ok
2025-10-16,2026-01-09 22:20:22+00:00,ok
2025-10-17,2026-01-09 20:13:59+00:00,ok
2025-10-18,2026-01-09 20:25:42+00:00,ok
2025-10-19,2026-01-09 21:47:18+00:00,ok
2025-10-20,2026-01-09 22:08:49+00:00,ok
2025-10-21,2026-01-09 21:51:52+00:00,ok
2025-10-22,2026-01-09 20:25:56+00:00,ok
2025-10-23,2026-01-09 21:15:30+00:00,ok
2025-10-24,2026-01-09 20:52:19+00:00,ok
2025-10-25,2026-01-09 22:22:18+00:00,ok
2025-10-26,2026-01-09 21:32:28+00:00,ok
2025-10-27,2026-01-09 23:21:45+00:00,ok
2025-10-28,2026-01-09 20:49:35+00:00,ok
2025-10-29,2026-01-09 21:45:31+00:00,ok
2025-10-30,2026-01-09 23:21:34+00:00,ok
2025-10-31,2026-01-09 23:33:27+00:00,ok
2025-11-01,2026-01-09 23:38:22+00:00,ok
2025-11-02,2026-01-09 22:24:45+00:00,ok
2025-11-03,2026-01-09 23:36:23+00:00,ok
2025-11-04,2026-01-09 21:34:59+00:00,ok
2025-11-05,2026-01-09 22:07:54+00:00,ok
2025-11-06,2026-01-09 22:19:24+00:00,ok
2025-11-07,2026-01-09 22:56:07+00:00,ok
2025-11-08,2026-01-09 21:44:53+00:00,ok
2025-11-09,2026-01-09 21:14:47+00:00,ok
2025-11-10,2026-01-09 22:30:13+00:00,ok
2025-11-11,2026-01-09 20:50:45+00:00,ok
2025-11-12,2026-01-09 20:50:02+00:00,ok
2025-11-13,2026-01-09 23:31:17+00:00,ok
2025-11-14,2026-01-09 19:45:29+00:00,ok
2025-11-15,2026-01-09 23:21:51+00:00,ok
2025-11-16,2026-01-09 22:26:05+00:00,ok
2025-11-17,2026-01-09 21:10:39+00:00,ok
2025-11-18,2026-01-09 19:59:17+00:00,ok
2025-11-19,2026-01-09 21:49:23+00:00,ok
2025-11-20,2026-01-09 21:02:02+00:00,ok
2025-11-21,2026-01-09 23:18:03+00:00,ok
2025-11-22,2026-01-09 20:57:17+00:00,ok
2025-11-23,2026-01-09 20:09:47+00:00,ok
2025-11-24,2026-01-09 21:36:37+00:00,ok
2025-11-25,2026-01-09 21:11:05+00:00,ok
2025-11-26,2026-01-09 22:24:33+00:00,empty
2025-11-27,2026-01-09 21:09:35+00:00,empty
2025-11-28,2026-01-09 19:53:40+00:00,ok
2025-11-29,2026-01-09 23:09:56+00:00,ok
2025-11-30,2026-01-09 21:07:41+00:00,ok
2025-12-01,2026-01-09 20:56:38+00:00,ok
2025-12-02,2026-01-09 19:59:58+00:00,ok
2025-12-03,2026-01-09 23:23:26+00:00,ok
2025-12-04,2026-01-09 23:28:57+00:00,empty
2025-12-05,2026-01-09 22:53:58+00:00,ok
2025-12-06,2026-01-09 21:36:22+00:00,ok
2025-12-07,2026-01-09 21:48:55+00:00,ok
2025-12-08,2026-01-09 20:07:07+00:00,ok
2025-12-09,2026-01-09 20:24:38+00:00,ok
2025-12-10,2026-01-09 20:29:32+00:00,empty
2025-12-11,2026-01-09 21:56:25+00:00,ok
2025-12-12,2026-01-09 21:37:23+00:00,empty
2025-12-13,2026-01-09 23:15:45+00:00,ok
2025-12-14,2026-01-09 21:05:15+00:00,ok
2025-12-15,2026-01-09 22:50:33+00:00,ok
2025-12-16,2026-01-09 23:05:12+00:00,ok
2025-12-17,2026-01-09 23:27:05+00:00,ok
2025-12-18,2026-01-09 22:28:03+00:00,ok
2025-12-19,2026-01-09 19:58:11+00:00,ok
2025-12-20,2026-01-09 23:25:08+00:00,ok
2025-12-21,2026-01-09 23:11:33+00:00,ok
2025-12-22,2026-01-09 23:26:46+00:00,ok
2025-12-23,2026-01-09 22:30:57+00:00,ok
2025-12-24,2026-01-09 23:08:17+00:00,ok
2025-12-25,2026-01-09 22:56:17+00:00,ok
2025-12-26,2026-01-09 22:26:49+00:00,ok
2025-12-27,2026-01-09 20:56:58+00:00,ok
2025-12-28,2026-01-09 21:45:36+00:00,ok
2025-12-29,2026-01-09 22:13:02+00:00,ok
2025-12-30,2026-03-01 10:03:59+00:00,ok
2025-12-31,2026-03-01 10:04:07+00:00,ok
2026-01-01,2026-03-01 10:04:15+00:00,ok
2026-01-02,2026-03-01 10:03:43+00:00,ok
2026-01-03,2026-03-01 10:03:51+00:00,ok
2026-01-04,2026-03-03 12:35:42+00:00,ok
2026-01-05,2026-03-03 12:35:49+00:00,ok
2026-01-06,2026-01-09 20:12:15+00:00,ok
2026-01-07,2026-01-09 22:10:50+00:00,ok
2026-01-08,2026-01-10 03:07:37+00:00,ok
2026-01-09,2026-01-11 00:44:06+00:00,ok
2026-01-10,2026-01-12 00:49:09+00:00,ok
2026-01-11,2026-01-13 02:34:33+00:00,ok
2026-01-12,2026-01-14 01:04:38+00:00,ok
2026-01-13,2026-01-15 02:28:01+00:00,ok
2026-01-14,2026-01-16 01:34:35+00:00,ok
2026-01-15,2026-01-17 00:19:21+00:00,ok
2026-01-16,2026-01-18 00:17:10+00:00,ok
2026-01-17,2026-01-19 00:16:00+00:00,ok
2026-01-18,2026-01-20 00:13:46+00:00,ok
2026-01-19,2026-01-21 00:50:23+00:00,ok
2026-01-20,2026-01-22 00:19:20+00:00,ok
2026-01-21,2026-01-23 00:20:56+00:00,ok
2026-01-22,2026-01-24 00:20:25+00:00,ok
2026-01-23,2026-01-25 00:41:29+00:00,ok
2026-01-24,2026-01-26 00:32:20+00:00,ok
2026-01-25,2026-01-27 02:58:20+00:00,ok
2026-01-26,2026-01-28 05:07:25+00:00,ok
2026-01-27,2026-01-29 03:58:20+00:00,ok
2026-01-28,2026-01-30 02:41:27+00:00,ok
2026-01-29,2026-01-31 04:46:23+00:00,ok
2026-01-30,2026-02-01 00:15:25+00:00,ok
2026-01-31,2026-02-02 01:52:04+00:00,ok
2026-02-01,2026-02-03 00:40:11+00:00,ok
2026-02-02,2026-02-04 02:40:40+00:00,ok
2026-02-03,2026-02-05 01:35:17+00:00,ok
2026-02-04,2026-02-06 01:36:55+00:00,ok
2026-02-05,2026-02-07 01:45:23+00:00,ok
2026-02-06,2026-02-08 00:13:51+00:00,ok
2026-02-07,2026-02-09 00:10:42+00:00,ok
2026-02-08,2026-02-10 00:53:51+00:00,ok
2026-02-09,2026-02-11 01:10:45+00:00,ok
2026-02-10,2026-02-12 00:56:50+00:00,ok
2026-02-11,2026-02-13 01:49:13+00:00,ok
2026-02-12,2026-02-14 01:55:18+00:00,ok
2026-02-13,2026-02-15 00:36:51+00:00,ok
2026-02-14,2026-02-16 00:25:21+00:00,ok
2026-02-15,2026-02-17 00:14:40+00:00,ok
2026-02-16,2026-02-18 00:53:22+00:00,ok
2026-02-17,2026-02-19 01:26:53+00:00,ok
2026-02-18,2026-02-20 02:10:06+00:00,ok
2026-02-19,2026-02-21 01:43:44+00:00,ok
2026-02-20,2026-02-22 01:00:24+00:00,ok
2026-02-21,2026-02-23 00:10:05+00:00,ok
2026-02-22,2026-02-24 00:45:32+00:00,ok
2026-02-23,2026-02-25 00:23:22+00:00,ok
2026-02-24,2026-02-26 02:30:37+00:00,ok
2026-02-25,2026-02-27 00:13:58+00:00,ok
2026-02-26,2026-02-28 00:50:49+00:00,ok
2026-02-27,2026-03-01 00:13:13+00:00,ok
2026-02-28,2026-03-02 01:06:56+00:00,ok
2026-03-01,2026-03-03 00:24:08+00:00,ok
2026-03-02,2026-03-04 00:50:06+00:00,ok
2026-03-03,2026-03-05 00:57:20+00:00,ok
2026-03-04,2026-03-06 00:22:27+00:00,ok
2026-03-05,2026-03-07 00:29:41+00:00,ok
2026-03-06,2026-03-08 00:43:48+00:00,ok
2026-03-07,2026-03-09 00:50:14+00:00,ok
2026-03-08,2026-03-10 00:14:19+00:00,ok
2026-03-09,2026-03-11 00:28:45+00:00,ok
2026-03-10,2026-03-12 00:52:44+00:00,ok
2026-03-11,2026-03-13 00:19:42+00:00,ok
2026-03-12,2026-03-14 00:44:27+00:00,ok
2026-03-13,2026-03-15 01:00:17+00:00,ok
2026-03-14,2026-03-16 00:07:17+00:00,ok
2026-03-15,2026-03-17 00:30:52+00:00,ok
2026-03-16,2026-03-18 00:21:25+00:00,ok
2026-03-17,2026-03-19 00:10:29+00:00,ok
2026-03-18,2026-03-20 00:37:35+00:00,ok
2026-03-19,2026-03-21 00:58:26+00:00,ok
2026-03-20,2026-03-22 00:08:05+00:00,ok
2026-03-21,2026-03-23 00:53:13+00:00,ok
2026-03-22,2026-03-24 00:35:49+00:00,ok
2026-03-23,2026-03-25 02:02:57+00:00,ok
2026-03-24,2026-03-26 02:05:23+00:00,ok
2026-03-25,2026-03-27 02:29:23+00:00,ok
2026-03-26,2026-03-28 01:46:08+00:00,ok
2026-03-27,2026-03-29 00:36:51+00:00,ok
2026-03-28,2026-03-30 00:46:53+00:00,ok
2026-03-29,2026-03-31 01:35:56+00:00,ok
2026-03-30,2026-04-01 02:44:39+00:00,ok
2026-03-31,2026-04-02 02:25:43+00:00,ok
2026-04-01,2026-04-03 01:09:33+00:00,ok
2026-04-02,2026-04-04 01:42:58+00:00,ok
2026-04-03,2026-04-05 00:39:08+00:00,ok
2026-04-04,2026-04-06 00:41:37+00:00,ok
2026-04-05,2026-04-07 00:16:02+00:00,ok
2026-04-06,2026-04-08 00:23:04+00:00,ok
2026-04-07,2026-04-09 00:27:49+00:00,ok
2026-04-08,2026-04-10 00:49:01+00:00,ok
2026-04-09,2026-04-11 01:01:32+00:00,ok
2026-04-10,2026-04-12 00:52:17+00:00,ok
2026-04-11,2026-04-13 00:23:29+00:00,ok
2026-04-12,2026-04-14 00:32:10+00:00,ok
2026-04-13,2026-04-15 00:36:18+00:00,ok
2026-04-14,2026-04-16 01:18:50+00:00,ok
2026-04-15,2026-04-17 01:16:32+00:00,ok
2026-04-16,2026-04-18 01:19:20+00:00,ok
2026-04-17,2026-04-19 00:47:17+00:00,ok
2026-04-18,2026-04-20 00:16:53+00:00,ok
2026-04-19,2026-04-21 00:39:07+00:00,ok
2026-04-20,2026-04-22 00:21:36+00:00,ok
2026-04-21,2026-04-23 00:19:24+00:00,ok
2026-04-22,2026-04-24 00:18:41+00:00,ok
2026-04-23,2026-04-25 01:05:52+00:00,ok
2026-04-24,2026-04-26 00:10:32+00:00,ok
2026-04-25,2026-04-27 00:43:54+00:00,ok
2026-04-26,2026-04-28 00:11:08+00:00,ok
2026-04-27,2026-04-29 01:24:55+00:00,ok
2026-04-28,2026-04-30 01:16:36+00:00,ok
2026-04-29,2026-05-01 01:01:45+00:00,ok
2026-04-30,2026-05-02 02:35:30+00:00,ok
2026-05-01,2026-05-03 00:55:49+00:00,ok
2026-05-02,2026-05-04 00:22:44+00:00,ok
2026-05-03,2026-05-05 01:55:54+00:00,ok
2026-05-04,2026-05-06 01:09:00+00:00,ok
2026-05-05,2026-05-07 02:48:30+00:00,ok
2026-05-06,2026-05-08 00:54:38+00:00,ok
2026-05-07,2026-05-09 01:08:47+00:00,ok
2026-05-08,2026-05-10 01:04:11+00:00,ok
2026-05-09,2026-05-11 00:47:47+00:00,ok
2026-05-10,2026-05-12 01:15:03+00:00,ok
2026-05-11,2026-05-13 00:26:15+00:00,ok
2026-05-12,2026-05-14 01:04:13+00:00,ok
2026-05-13,2026-05-15 00:16:57+00:00,ok
2026-05-14,2026-05-16 00:57:45+00:00,ok
2026-05-15,2026-05-17 01:09:38+00:00,ok
2026-05-16,2026-05-18 01:10:56+00:00,ok
2026-05-17,2026-05-19 00:19:02+00:00,ok
2026-05-18,2026-05-20 01:11:27+00:00,ok
2026-05-19,2026-05-21 00:34:25+00:00,ok
2026-05-20,2026-05-22 00:37:41+00:00,ok
2026-05-21,2026-05-23 00:14:05+00:00,ok
2026-05-22,2026-05-24 00:12:27+00:00,ok
2026-05-23,2026-05-25 00:10:59+00:00,ok
2026-05-24,2026-05-26 00:24:56+00:00,ok
2026-05-25,2026-05-27 00:12:41+00:00,ok
2026-05-26,2026-05-28 00:21:51+00:00,ok
2026-05-27,2026-05-29 00:29:01+00:00,ok
2026-05-28,2026-05-30 01:14:04+00:00,ok
2026-05-29,2026-05-31 00:13:48+00:00,ok
2026-05-30,2026-06-01 00:23:22+00:00,ok
2026-05-31,2026-06-02 01:34:03+00:00,ok
2026-06-01,2026-06-03 01:36:15+00:00,ok
2026-06-02,2026-06-04 00:37:21+00:00,ok
2026-06-03,2026-06-05 01:01:28+00:00,ok
2026-06-04,2026-06-06 00:27:30+00:00,ok
2026-06-05,2026-06-07 00:19:03+00:00,ok
2026-06-06,2026-06-08 00:11:31+00:00,ok
2026-06-07,2026-06-09 01:08:44+00:00,ok
2026-06-08,2026-06-10 01:15:50+00:00,ok
2026-06-09,2026-06-11 00:40:40+00:00,ok
2026-06-10,2026-06-12 01:46:59+00:00,ok
2026-06-11,2026-06-13 02:15:52+00:00,ok
2026-06-12,2026-06-14 00:35:12+00:00,ok
2026-06-13,2026-06-15 00:11:10+00:00,ok
2026-06-14,2026-06-16 02:06:11+00:00,ok
2026-06-15,2026-06-17 02:02:21+00:00,ok
2026-06-16,2026-06-18 01:44:55+00:00,ok
2026-06-17,2026-06-19 01:43:30+00:00,ok
2026-06-18,2026-06-20 01:39:39+00:00,ok
2026-06-19,2026-06-21 00:19:41+00:00,ok
2026-06-20,2026-06-22 00:20:45+00:00,ok
2026-06-21,2026-06-23 01:15:42+00:00,ok
2026-06-22,2026-06-24 01:55:19+00:00,ok
2026-06-23,2026-06-25 01:39:15+00:00,ok
2026-06-24,2026-06-26 01:42:59+00:00,ok
2026-06-25,2026-06-27 01:45:56+00:00,ok
2026-06-26,2026-06-28 00:34:34+00:00,ok
2026-06-27,2026-06-29 00:07:25+00:00,ok
2026-06-28,2026-06-30 01:11:30+00:00,ok
2026-06-29,2026-07-01 01:23:45+00:00,ok
2026-06-30,2026-07-02 01:30:06+00:00,ok
2026-07-01,2026-07-03 01:23:54+00:00,ok
2026-07-02,2026-07-04 00:26:18+00:00,ok
2026-07-03,2026-07-05 00:15:03+00:00,ok
2026-07-04,2026-07-06 00:14:19+00:00,ok
2026-07-05,2026-07-07 01:05:21+00:00,ok
2026-07-06,2026-07-08 01:27:41+00:00,ok
2026-07-07,2026-07-09 00:23:44+00:00,ok
2026-07-08,2026-07-10 00:52:32+00:00,ok
2026-07-09,2026-07-11 00:19:05+00:00,ok
2026-07-10,2026-07-12 00:32:07+00:00,ok
2026-07-11,2026-07-13 00:11:09+00:00,ok
2026-07-12,2026-07-14 00:20:05+00:00,ok
2026-07-13,2026-07-15 00:42:03+00:00,ok
2026-07-14,2026-07-16 03:07:03+00:00,ok
2026-07-15,2026-07-17 01:35:42+00:00,ok
2026-07-16,2026-07-18 01:52:51+00:00,ok
2026-07-17,2026-07-19 00:27:08+00:00,ok
2026-07-18,2026-07-20 00:09:33+00:00,ok
2026-07-19,2026-07-21 01:16:20+00:00,ok
2026-07-20,2026-07-22 00:37:42+00:00,ok
2026-07-21,2026-07-23 00:33:37+00:00,ok
2026-07-22,2026-07-24 00:25:20+00:00,ok
2026-07-23,2026-07-25 00:10:42+00:00,ok
2026-07-24,2026-07-26 00:09:52+00:00,ok
2026-07-25,2026-07-27 00:14:53+00:00,ok
2026-07-26,2026-07-28 00:22:44+00:00,ok
2026-07-27,2026-07-29 00:14:32+00:00,ok
2026-07-28,2026-07-30 00:16:11+00:00,ok
2026-07-29,2026-07-31 00:42:28+00:00,ok
2026-07-30,2026-08-01 00:11:42+00:00,ok
2026-07-31,2026-08-02 00:16:34+00:00,ok
2026-08-01,2026-08-03 00:29:27+00:00,ok
2026-08-02,2026-08-04 01:06:56+00:00,ok
2026-08-03,2026-08-05 01:46:03+00:00,ok
2026-08-04,2026-08-06 01:55:15+00:00,ok
2026-08-05,2026-08-07 01:58:21+00:00,ok
2026-08-06,2026-08-08 01:51:46+00:00,ok
2026-08-07,2026-08-09 00:27:44+00:00,ok
2026-08-08,2026-08-10 00:34:11+00:00,ok
2026-08-09,2026-08-11 00:13:15+00:00,ok
2026-08-10,2026-08-12 00:46:03+00:00,ok
2026-08-11,2026-08-13 00:17:19+00:00,ok
2026-08-12,2026-08-14 00:14:18+00:00,ok
2026-08-13,2026-08-15 00:23:56+00:00,ok
2026-08-14,2026-08-16 00:20:03+00:00,ok
2026-08-15,2026-08-17 00:10:07+00:00,ok
2026-08-16,2026-08-18 01:49:11+00:00,ok
2026-08-17,2026-08-19 00:17:21+00:00,ok
2026-08-18,2026-08-20 00:16:59+00:00,ok
2026-08-19,2026-08-21 00:19:41+00:00,ok
2026-08-20,2026-08-22 00:39:50+00:00,ok
2026-08-21,2026-08-23 00:20:24+00:00,ok
2026-08-22,2026-08-24 00:10:24+00:00,ok
2026-08-23,2026-08-25 01:17:25+00:00,ok
2026-08-24,2026-08-26 00:43:12+00:00,ok
2026-08-25,2026-08-27 01:13:12+00:00,ok
2026-08-26,2026-08-28 00:42:47+00:00,ok
2026-08-27,2026-08-29 01:03:55+00:00,ok
2026-08-28,2026-08-30 00:19:50+00:00,ok
2026-08-29,2026-08-31 00:07:37+00:00,ok
2026-08-30,2026-09-01 01:54:31+00:00,ok
2026-08-31,2026-09-02 02:17:37+00:00,ok
2026-09-01,2026-09-03 01:58:58+00:00,ok
2026-09-02,2026-09-03 13:11:55+00:00,ok
2026-09-03,2026-09-03 13:11:59+00:00,ok
